Date,Close
1/2/1992,10000
1/3/1992,9970.04
1/6/1992,10095.27
1/7/1992,10128.17
1/8/1992,10167.99
1/9/1992,9942.47
1/10/1992,9782.42
1/13/1992,9722.58
1/14/1992,9683.71
1/15/1992,9530.17
1/16/1992,9512.93
1/17/1992,9711.47
1/20/1992,9745.36
1/21/1992,9768.98
1/22/1992,9767.84
1/23/1992,9733.75
1/24/1992,9681.27
1/27/1992,9578.31
1/28/1992,9620.79
1/29/1992,9627.41
1/30/1992,9586.91
1/31/1992,9555.2
2/3/1992,9565.64
2/4/1992,9565.42
2/5/1992,9618.01
2/6/1992,9660.99
2/7/1992,9704.05
2/10/1992,9615.04
2/11/1992,9561.82
2/12/1992,9489.51
2/13/1992,9395.57
2/14/1992,9416.67
2/18/1992,9399.2
2/19/1992,9369.84
2/20/1992,9371.6
2/21/1992,9325.55
2/24/1992,9301.06
2/25/1992,9308.23
2/26/1992,9408.94
2/27/1992,9413.26
2/28/1992,9406.12
3/2/1992,9399.8
3/3/1992,9281.25
3/4/1992,9197.69
3/5/1992,9165.19
3/6/1992,9192.98
3/9/1992,9225.48
3/10/1992,9168.56
3/11/1992,9130.02
3/12/1992,9034.36
3/13/1992,8933.94
3/16/1992,8938.9
3/17/1992,9045.21
3/18/1992,9024.64
3/19/1992,9000.33
3/20/1992,9026.32
3/23/1992,9012.93
3/24/1992,9037.76
3/25/1992,9000.84
3/26/1992,8992.16
3/27/1992,9004.71
3/30/1992,9020.26
3/31/1992,8978.16
4/1/1992,8886.98
4/2/1992,8913.09
4/3/1992,8915.5
4/6/1992,8932.78
4/7/1992,8994.96
4/8/1992,8973.21
4/9/1992,9037.59
4/10/1992,9060.27
4/13/1992,9078.37
4/14/1992,9104.55
4/15/1992,9062.85
4/16/1992,8988.14
4/20/1992,8902.86
4/21/1992,8882.67
4/22/1992,8940.78
4/23/1992,8967.46
4/24/1992,9015.69
4/27/1992,9013.81
4/28/1992,8989.75
4/29/1992,8937.48
4/30/1992,8912.68
5/1/1992,8954.66
5/4/1992,8943.6
5/5/1992,8939.49
5/6/1992,8992.66
5/7/1992,9018.55
5/8/1992,9040.96
5/11/1992,9051.95
5/12/1992,9056.01
5/13/1992,9052.17
5/14/1992,8999.98
5/15/1992,9036.14
5/18/1992,9031.9
5/19/1992,9073.57
5/20/1992,9057.15
5/21/1992,9020.16
5/22/1992,9057.18
5/26/1992,9063.49
5/27/1992,9022.98
5/28/1992,9090.75
5/29/1992,9180.48
6/1/1992,9166.63
6/2/1992,9148.91
6/3/1992,9147.6
6/4/1992,9205.74
6/5/1992,9259.21
6/8/1992,9229.21
6/9/1992,9212.8
6/10/1992,9211.21
6/11/1992,9274.34
6/12/1992,9270.25
6/15/1992,9300.7
6/16/1992,9365.81
6/17/1992,9384.4
6/18/1992,9390.43
6/19/1992,9361.01
6/22/1992,9370.7
6/23/1992,9345.83
6/24/1992,9451.11
6/25/1992,9520.01
6/26/1992,9545.56
6/29/1992,9591.94
6/30/1992,9531.33
7/1/1992,9531.11
7/2/1992,9714.76
7/6/1992,9713.04
7/7/1992,9777.8
7/8/1992,9791.53
7/9/1992,9678.52
7/10/1992,9742.16
7/13/1992,9807.72
7/14/1992,9831.35
7/15/1992,9874.63
7/16/1992,9951.23
7/17/1992,9976.28
7/20/1992,9873.98
7/21/1992,9895.16
7/22/1992,9934.65
7/23/1992,10006.78
7/24/1992,9955.43
7/27/1992,10085.71
7/28/1992,10134.13
7/29/1992,10074
7/30/1992,10064.71
7/31/1992,10069.03
8/3/1992,10058.35
8/4/1992,10058.48
8/5/1992,10067.46
8/6/1992,10104.33
8/7/1992,10216.83
8/10/1992,10235.07
8/11/1992,10236.42
8/12/1992,10293.47
8/13/1992,10241.77
8/14/1992,10220.97
8/17/1992,10201.95
8/18/1992,10294.03
8/19/1992,10306.52
8/20/1992,10308.25
8/21/1992,10308.02
8/24/1992,10353.98
8/25/1992,10338.44
8/26/1992,10301.08
8/27/1992,10355.41
8/28/1992,10391.9
8/31/1992,10388.65
9/1/1992,10424.54
9/2/1992,10441.88
9/3/1992,10353.58
9/4/1992,10484.03
9/8/1992,10546.67
9/9/1992,10484.67
9/10/1992,10467.86
9/11/1992,10350.03
9/14/1992,10276.99
9/15/1992,10205.27
9/16/1992,10094.72
9/17/1992,10125.75
9/18/1992,10076.04
9/21/1992,10081.27
9/22/1992,10120.22
9/23/1992,10157.88
9/24/1992,10141.54
9/25/1992,10159.8
9/28/1992,10248.93
9/29/1992,10367.05
9/30/1992,10359.79
10/1/1992,10405.78
10/2/1992,10457.91
10/5/1992,10343.19
10/6/1992,10311.39
10/7/1992,10216.54
10/8/1992,10135.42
10/9/1992,10178.45
10/12/1992,10154.21
10/13/1992,10122.77
10/14/1992,10150.76
10/15/1992,10262.73
10/16/1992,10258.53
10/19/1992,10213.79
10/20/1992,10070.36
10/21/1992,10042.04
10/22/1992,10041.18
10/23/1992,10012.54
10/26/1992,10062.71
10/27/1992,10095.56
10/28/1992,10108.27
10/29/1992,10055.54
10/30/1992,10036.17
11/2/1992,10035.62
11/3/1992,10035.35
11/4/1992,9995.72
11/5/1992,10005.64
11/6/1992,9879.03
11/9/1992,9967.08
11/10/1992,9996.32
11/11/1992,9972.8
11/12/1992,9994.1
11/13/1992,9927.54
11/16/1992,9847.51
11/17/1992,9851.23
11/18/1992,9875.48
11/19/1992,9909.22
11/20/1992,9859.15
11/23/1992,9838.11
11/24/1992,9864.72
11/25/1992,9840.64
11/27/1992,9776.24
11/30/1992,9819.95
12/1/1992,9830.01
12/2/1992,9836.69
12/3/1992,9883.57
12/4/1992,9897.67
12/7/1992,9854.36
12/8/1992,9898.28
12/9/1992,9915.83
12/10/1992,9908.91
12/11/1992,9900.88
12/14/1992,9885.82
12/15/1992,9888.48
12/16/1992,9857.47
12/17/1992,9828.75
12/18/1992,9838
12/21/1992,9837.19
12/22/1992,9915.56
12/23/1992,9891.79
12/24/1992,9884.22
12/28/1992,9883.23
12/29/1992,9930.91
12/30/1992,9927.93
12/31/1992,9933.14
1/4/1993,9984.03
1/5/1993,9939.33
1/6/1993,9976.35
1/7/1993,9927.26
1/8/1993,9875.89
1/11/1993,9872.79
1/12/1993,9927.29
1/13/1993,9936.06
1/14/1993,9945.3
1/15/1993,9977.02
1/18/1993,9923.79
1/19/1993,9925.67
1/20/1993,9970.63
1/21/1993,10011.46
1/22/1993,9968.58
1/25/1993,9868.03
1/26/1993,9901.22
1/27/1993,9931.63
1/28/1993,9879.91
1/29/1993,9978.15
2/1/1993,10109.89
2/2/1993,10142.61
2/3/1993,10177.88
2/4/1993,10134.78
2/5/1993,10225.41
2/8/1993,10299.89
2/9/1993,10327.57
2/10/1993,10322.33
2/11/1993,10320.52
2/12/1993,10431.33
2/16/1993,10394.07
2/17/1993,10420.33
2/18/1993,10454.44
2/19/1993,10446.03
2/22/1993,10503.87
2/23/1993,10494.24
2/24/1993,10543.64
2/25/1993,10557.93
2/26/1993,10576.73
3/1/1993,10617.08
3/2/1993,10580.88
3/3/1993,10616.13
3/4/1993,10554.63
3/5/1993,10641.84
3/8/1993,10695
3/9/1993,10644.92
3/10/1993,10659.84
3/11/1993,10646.28
3/12/1993,10545.41
3/15/1993,10622.99
3/16/1993,10590.23
3/17/1993,10624.71
3/18/1993,10576.99
3/19/1993,10633.79
3/22/1993,10652.44
3/23/1993,10616.26
3/24/1993,10598.08
3/25/1993,10600.04
3/26/1993,10529.23
3/29/1993,10511.22
3/30/1993,10522.37
3/31/1993,10519.36
4/1/1993,10455.58
4/2/1993,10475.45
4/5/1993,10455.48
4/6/1993,10564.04
4/7/1993,10565.15
4/8/1993,10608.44
4/12/1993,10601.21
4/13/1993,10582.08
4/14/1993,10601.81
4/15/1993,10660.65
4/16/1993,10752.62
4/19/1993,10753.83
4/20/1993,10763.82
4/21/1993,10838.65
4/22/1993,10921.56
4/23/1993,10775.27
4/26/1993,10658.46
4/27/1993,10680.7
4/28/1993,10607.16
4/29/1993,10558.47
4/30/1993,10541.84
5/3/1993,10525.76
5/4/1993,10572.24
5/5/1993,10564.75
5/6/1993,10568.63
5/7/1993,10581.07
5/10/1993,10548.19
5/11/1993,10586.22
5/12/1993,10610.18
5/13/1993,10657.81
5/14/1993,10709.92
5/17/1993,10678.28
5/18/1993,10607.01
5/19/1993,10587.88
5/20/1993,10562.61
5/21/1993,10587.41
5/24/1993,10501.54
5/25/1993,10546.05
5/26/1993,10582.3
5/27/1993,10574.05
5/28/1993,10550.87
6/1/1993,10578.67
6/2/1993,10584.68
6/3/1993,10598.77
6/4/1993,10707.84
6/7/1993,10713.78
6/8/1993,10760.58
6/9/1993,10796.04
6/10/1993,10846
6/11/1993,10881.73
6/14/1993,10925.23
6/15/1993,10955.31
6/16/1993,10935.37
6/17/1993,10990.59
6/18/1993,10965.31
6/21/1993,10950.64
6/22/1993,10960.96
6/23/1993,11021.76
6/24/1993,11107.31
6/25/1993,11148.04
6/28/1993,11200.07
6/29/1993,11119.44
6/30/1993,11225.15
7/1/1993,11179.81
7/2/1993,11203.62
7/6/1993,11204.36
7/7/1993,11283.04
7/8/1993,11280.34
7/9/1993,11376.55
7/12/1993,11408.3
7/13/1993,11370.39
7/14/1993,11455.04
7/15/1993,11454.7
7/16/1993,11477.79
7/19/1993,11372.05
7/20/1993,11386.47
7/21/1993,11332.82
7/22/1993,11407.19
7/23/1993,11406.08
7/26/1993,11467.25
7/27/1993,11427.26
7/28/1993,11432.5
7/29/1993,11569.9
7/30/1993,11603.48
8/2/1993,11537.59
8/3/1993,11585.13
8/4/1993,11551.62
8/5/1993,11576.17
8/6/1993,11614.5
8/9/1993,11636.55
8/10/1993,11774.4
8/11/1993,11785.03
8/12/1993,11735.58
8/13/1993,11772.81
8/16/1993,11746.17
8/17/1993,11803
8/18/1993,11764.96
8/19/1993,11676.18
8/20/1993,11645.72
8/23/1993,11692.47
8/24/1993,11688.09
8/25/1993,11779.18
8/26/1993,11727.58
8/27/1993,11761.43
8/30/1993,11813.78
8/31/1993,11913.15
9/1/1993,11901.18
9/2/1993,11854.43
9/3/1993,11869.36
9/7/1993,11860.58
9/8/1993,11839.84
9/9/1993,11756.94
9/10/1993,11709.82
9/13/1993,11652.08
9/14/1993,11616.5
9/15/1993,11482.17
9/16/1993,11595.96
9/17/1993,11595.38
9/20/1993,11548.76
9/21/1993,11512.18
9/22/1993,11522.82
9/23/1993,11549.71
9/24/1993,11567.2
9/27/1993,11660.98
9/28/1993,11739.1
9/29/1993,11655.61
9/30/1993,11559.77
10/1/1993,11554.6
10/4/1993,11618.87
10/5/1993,11645.85
10/6/1993,11637.66
10/7/1993,11640.47
10/8/1993,11711.28
10/11/1993,11677.15
10/12/1993,11705.11
10/13/1993,11677.44
10/14/1993,11639.89
10/15/1993,11708.42
10/18/1993,11654.01
10/19/1993,11667.48
10/20/1993,11679.15
10/21/1993,11585.04
10/22/1993,11576.64
10/25/1993,11571.82
10/26/1993,11626.15
10/27/1993,11568.29
10/28/1993,11646.62
10/29/1993,11691.96
11/1/1993,11563.21
11/2/1993,11560.85
11/3/1993,11577.4
11/4/1993,11583.43
11/5/1993,11566.16
11/8/1993,11626.66
11/9/1993,11766.09
11/10/1993,11834.13
11/11/1993,11795.51
11/12/1993,11883.14
11/15/1993,11900.62
11/16/1993,11911.03
11/17/1993,11935.53
11/18/1993,11963.24
11/19/1993,11921.6
11/22/1993,11875
11/23/1993,11915.79
11/24/1993,11924.33
11/26/1993,12017.48
11/29/1993,12123.68
11/30/1993,12093.44
12/1/1993,12151.13
12/2/1993,12174.67
12/3/1993,12205.14
12/6/1993,12234.53
12/7/1993,12242.78
12/8/1993,12243.9
12/9/1993,12311.39
12/10/1993,12157.75
12/13/1993,12212.9
12/14/1993,12232.78
12/15/1993,12231.02
12/16/1993,12271.74
12/17/1993,12283.32
12/20/1993,12329.78
12/21/1993,12379.19
12/22/1993,12378.16
12/23/1993,12398.28
12/27/1993,12446.75
12/28/1993,12447.26
12/29/1993,12440.61
12/30/1993,12457.16
12/31/1993,12442.28
1/3/1994,12396.84
1/4/1994,12338.84
1/5/1994,12184.18
1/6/1994,12211.81
1/7/1994,12331.75
1/10/1994,12395.58
1/11/1994,12306.36
1/12/1994,12425.48
1/13/1994,12398.27
1/14/1994,12233.69
1/17/1994,12201.94
1/18/1994,12249.89
1/19/1994,12230.36
1/20/1994,12276.46
1/21/1994,12249.24
1/24/1994,12222.99
1/25/1994,12168.77
1/26/1994,12082.48
1/27/1994,12024.61
1/28/1994,12072.95
1/31/1994,12115.12
2/1/1994,12003.25
2/2/1994,11934.12
2/3/1994,11805.32
2/4/1994,11763.05
2/7/1994,11809.76
2/8/1994,11786.38
2/9/1994,11873.54
2/10/1994,11854.26
2/11/1994,11827.65
2/14/1994,11930.03
2/15/1994,11930.39
2/16/1994,11988.51
2/17/1994,11850.43
2/18/1994,11748.82
2/22/1994,11713.36
2/23/1994,11653.11
2/24/1994,11508.6
2/25/1994,11515.04
2/28/1994,11527.53
3/1/1994,11361.82
3/2/1994,11300.77
3/3/1994,11291.9
3/4/1994,11372.78
3/7/1994,11453.91
3/8/1994,11411.63
3/9/1994,11388.03
3/10/1994,11376.15
3/11/1994,11348.77
3/14/1994,11367.1
3/15/1994,11353.58
3/16/1994,11330.46
3/17/1994,11354.59
3/18/1994,11329.3
3/21/1994,11261.37
3/22/1994,11203.94
3/23/1994,11272.68
3/24/1994,11302.82
3/25/1994,11268.79
3/28/1994,11437.61
3/29/1994,11344.41
3/30/1994,11356.82
3/31/1994,11315.38
4/4/1994,11210.11
4/5/1994,11015.26
4/6/1994,11042.6
4/7/1994,11057.99
4/8/1994,11062.69
4/11/1994,10964.95
4/12/1994,10972.63
4/13/1994,11035.6
4/14/1994,11008.39
4/15/1994,10987.99
4/18/1994,11119.01
4/19/1994,11110.95
4/20/1994,11106.47
4/21/1994,11009.7
4/22/1994,10920.83
4/25/1994,10952.13
4/26/1994,10938.06
4/28/1994,11130.62
4/29/1994,11100.74
5/2/1994,11093.8
5/3/1994,11229.99
5/4/1994,11299.38
5/5/1994,11228.82
5/6/1994,11302.09
5/9/1994,11353.54
5/10/1994,11212.51
5/11/1994,11234.75
5/12/1994,11179.98
5/13/1994,11139.07
5/16/1994,11094.23
5/17/1994,11120.11
5/18/1994,11119.59
5/19/1994,11030.21
5/20/1994,11051.55
5/23/1994,11127.92
5/24/1994,11188.43
5/25/1994,11290.14
5/26/1994,11295.73
5/27/1994,11310.77
5/31/1994,11336.75
6/1/1994,11387.17
6/2/1994,11280.56
6/3/1994,11140.58
6/6/1994,11116.11
6/7/1994,11257.24
6/8/1994,11199.82
6/9/1994,11247.02
6/10/1994,11237.41
6/13/1994,11412.33
6/14/1994,11394.87
6/15/1994,11489.75
6/16/1994,11519.81
6/17/1994,11652.93
6/20/1994,11737.4
6/21/1994,11879.54
6/22/1994,11663.93
6/23/1994,11609.25
6/24/1994,11784.38
6/27/1994,11628.29
6/28/1994,11650.65
6/29/1994,11593.2
6/30/1994,11735.9
7/1/1994,11745.33
7/5/1994,11771.76
7/6/1994,11786.39
7/7/1994,11673.38
7/8/1994,11706.44
7/11/1994,11853.86
7/12/1994,11789.68
7/13/1994,11701.06
7/14/1994,11557.57
7/15/1994,11585.94
7/18/1994,11507.62
7/19/1994,11465.21
7/20/1994,11580.25
7/21/1994,11517.87
7/22/1994,11584.62
7/25/1994,11574.31
7/26/1994,11579
7/27/1994,11718.94
7/28/1994,11664.36
7/29/1994,11665.61
8/1/1994,11714.89
8/2/1994,11545.96
8/3/1994,11583.19
8/4/1994,11623.62
8/5/1994,11640.24
8/8/1994,11597.81
8/9/1994,11657.86
8/10/1994,11603.23
8/11/1994,11800.23
8/12/1994,11711.36
8/15/1994,11709.75
8/16/1994,11551.4
8/17/1994,11559.91
8/18/1994,11752.69
8/19/1994,11680.47
8/22/1994,11678.04
8/23/1994,11653.15
8/24/1994,11564.58
8/25/1994,11576.58
8/26/1994,11394.45
8/29/1994,11442.19
8/30/1994,11481.19
8/31/1994,11469.36
9/1/1994,11499.57
9/2/1994,11607.16
9/6/1994,11719.96
9/7/1994,11701.01
9/8/1994,11640.1
9/9/1994,11828.48
9/12/1994,11819.65
9/13/1994,11759.42
9/14/1994,11845.72
9/15/1994,11795.05
9/16/1994,11989.01
9/19/1994,11951.97
9/20/1994,12009.48
9/21/1994,12016.41
9/22/1994,11977.68
9/23/1994,11994.4
9/26/1994,11976.28
9/27/1994,12024.45
9/28/1994,11903.01
9/29/1994,11975.02
9/30/1994,11951.54
10/3/1994,12038.8
10/4/1994,12029.4
10/5/1994,12143.33
10/6/1994,12139.58
10/7/1994,12077.41
10/10/1994,12060.36
10/11/1994,11937.67
10/12/1994,11929.94
10/13/1994,11900.53
10/14/1994,11959.18
10/17/1994,12014.68
10/18/1994,12036.79
10/19/1994,12180.66
10/20/1994,12211.25
10/21/1994,12152.52
10/24/1994,12228.19
10/25/1994,12319.17
10/26/1994,12358.75
10/27/1994,12283.65
10/28/1994,12194.74
10/31/1994,12248.63
11/1/1994,12325.52
11/2/1994,12359.69
11/3/1994,12296.75
11/4/1994,12333.9
11/7/1994,12382.19
11/8/1994,12349.73
11/9/1994,12146.48
11/10/1994,12166.52
11/11/1994,12232.1
11/14/1994,12152.75
11/15/1994,12010.94
11/16/1994,12111.11
11/17/1994,12204.79
11/18/1994,12117.62
11/21/1994,12161.41
11/22/1994,12145.4
11/23/1994,12048.69
11/25/1994,11980.08
11/28/1994,12070.25
11/29/1994,12152.42
11/30/1994,12146.89
12/1/1994,12151.97
12/2/1994,11977.15
12/5/1994,11971.43
12/6/1994,11993.07
12/7/1994,11994.15
12/8/1994,11954.03
12/9/1994,11904.66
12/12/1994,11992.3
12/13/1994,12060.79
12/14/1994,12056.61
12/15/1994,12061.92
12/16/1994,12075.49
12/19/1994,12135.42
12/20/1994,12123.6
12/21/1994,12043.3
12/22/1994,12106.28
12/23/1994,12121.1
12/27/1994,12055.27
12/28/1994,12217.11
12/29/1994,12264.75
12/30/1994,12274.28
1/3/1995,12303.16
1/4/1995,12305.47
1/5/1995,12396.41
1/6/1995,12335.69
1/9/1995,12517.41
1/10/1995,12525.61
1/11/1995,12488.45
1/12/1995,12569.23
1/13/1995,12377.73
1/16/1995,12340.43
1/17/1995,12375.77
1/18/1995,12415.1
1/19/1995,12566.25
1/20/1995,12635.26
1/23/1995,12692.68
1/24/1995,12662.08
1/25/1995,12576.42
1/26/1995,12494.49
1/27/1995,12398.85
1/30/1995,12506.95
1/31/1995,12369.89
2/1/1995,12321.74
2/2/1995,12312.25
2/3/1995,12094.07
2/6/1995,11995.18
2/7/1995,11995.31
2/8/1995,12017.66
2/9/1995,12032.31
2/10/1995,12154.99
2/13/1995,12243.57
2/14/1995,12264.71
2/15/1995,12252.94
2/16/1995,12387.19
2/17/1995,12384.65
2/21/1995,12465.91
2/22/1995,12428.84
2/23/1995,12424.21
2/24/1995,12450.09
2/27/1995,12493.12
2/28/1995,12494.61
3/1/1995,12490.4
3/2/1995,12601.16
3/3/1995,12734.61
3/6/1995,12824.51
3/7/1995,13035.55
3/8/1995,12887.16
3/9/1995,12926.01
3/10/1995,12808.06
3/13/1995,12909.98
3/14/1995,12841.09
3/15/1995,12897.22
3/16/1995,12809.28
3/17/1995,12843.76
3/20/1995,12757.17
3/21/1995,12742.67
3/22/1995,12776.2
3/23/1995,12833.69
3/24/1995,12852.15
3/27/1995,12906.31
3/28/1995,13004.97
3/29/1995,13017.84
3/30/1995,12852.24
3/31/1995,13041.74
4/3/1995,13180.57
4/4/1995,13141.49
4/5/1995,13168.47
4/6/1995,13208.47
4/7/1995,13247.96
4/10/1995,13049.02
4/11/1995,13023.75
4/12/1995,13005.96
4/13/1995,13137.28
4/17/1995,13313.92
4/18/1995,13455.02
4/19/1995,13272.51
4/20/1995,13232.2
4/21/1995,13353.95
4/24/1995,13268.86
4/25/1995,13297.08
4/26/1995,13323.91
4/27/1995,13311.02
4/28/1995,13253.41
5/1/1995,13198.2
5/2/1995,13244.26
5/3/1995,13327.46
5/4/1995,13399.34
5/5/1995,13490.15
5/8/1995,13577.18
5/9/1995,13520.45
5/10/1995,13515.25
5/11/1995,13299.62
5/12/1995,13168.41
5/15/1995,13216.41
5/16/1995,13274.14
5/17/1995,13276.93
5/18/1995,13285.71
5/19/1995,13278.94
5/22/1995,13245.12
5/23/1995,13275.52
5/24/1995,13370.04
5/25/1995,13640.16
5/26/1995,13720.88
5/30/1995,13860.57
5/31/1995,13736.49
6/1/1995,13781.64
6/2/1995,13893.17
6/5/1995,13904.84
6/6/1995,13855.12
6/7/1995,13831.61
6/8/1995,13726.54
6/9/1995,13589.73
6/12/1995,13601.81
6/13/1995,13744.68
6/14/1995,13796.66
6/15/1995,13706.39
6/16/1995,13742.33
6/19/1995,13785.77
6/20/1995,13834.05
6/21/1995,13888.32
6/22/1995,14000.55
6/23/1995,13957.88
6/26/1995,13783.72
6/27/1995,13775.12
6/28/1995,13792.56
6/29/1995,13842.52
6/30/1995,13835.1
7/3/1995,13865.02
7/5/1995,13944.19
7/6/1995,13980.37
7/7/1995,13972.72
7/10/1995,13948.97
7/11/1995,13889.86
7/12/1995,13889.12
7/13/1995,13898.65
7/14/1995,13826.31
7/17/1995,13846.15
7/18/1995,13779.54
7/19/1995,13709.6
7/20/1995,13734.56
7/21/1995,13722.5
7/24/1995,13809.14
7/25/1995,13775.3
7/26/1995,13755.01
7/27/1995,13768.15
7/28/1995,13692.67
7/31/1995,13618.33
8/1/1995,13705.42
8/2/1995,13620.45
8/3/1995,13619.3
8/4/1995,13578.93
8/7/1995,13479.95
8/8/1995,13520.06
8/9/1995,13465.5
8/10/1995,13421.61
8/11/1995,13283.59
8/14/1995,13218.2
8/15/1995,13004.12
8/16/1995,12986.07
8/17/1995,13015.7
8/18/1995,13005.69
8/21/1995,13097.19
8/22/1995,13085.61
8/23/1995,13081.88
8/24/1995,13159.52
8/25/1995,13235.11
8/28/1995,13301.59
8/29/1995,13255.8
8/30/1995,13251.19
8/31/1995,13282.6
9/1/1995,13395.31
9/5/1995,13498.61
9/6/1995,13574.11
9/7/1995,13531.3
9/8/1995,13548.25
9/11/1995,13561.03
9/12/1995,13645.47
9/13/1995,13732
9/14/1995,13781.91
9/15/1995,13795.57
9/18/1995,13841.81
9/19/1995,13924.92
9/20/1995,13793.95
9/21/1995,13480.49
9/22/1995,13418.61
9/25/1995,13475.15
9/26/1995,13493.5
9/27/1995,13384.12
9/28/1995,13420.08
9/29/1995,13516.82
10/2/1995,13551.52
10/3/1995,13623.81
10/4/1995,13607.42
10/5/1995,13445.52
10/6/1995,13492.27
10/9/1995,13508.73
10/10/1995,13523.14
10/11/1995,13553.72
10/12/1995,13560.83
10/13/1995,13668.88
10/16/1995,13736.19
10/17/1995,13680.61
10/18/1995,13659.22
10/19/1995,13760.05
10/20/1995,13705.36
10/23/1995,13611.67
10/24/1995,13646.41
10/25/1995,13734.79
10/26/1995,13770.94
10/27/1995,13692.69
10/30/1995,13780.13
10/31/1995,13906.72
11/1/1995,13991.12
11/2/1995,13989.49
11/3/1995,13996.88
11/6/1995,14008.04
11/7/1995,13905.48
11/8/1995,13929.61
11/9/1995,13814.8
11/10/1995,13806.55
11/13/1995,13822.43
11/14/1995,13827.3
11/15/1995,13838.77
11/16/1995,13917.71
11/17/1995,13992.59
11/20/1995,13957.54
11/21/1995,13950.56
11/22/1995,13997.96
11/24/1995,14093.1
11/27/1995,14153.92
11/28/1995,14082.81
11/29/1995,14155.07
11/30/1995,14173.05
12/1/1995,14213.48
12/4/1995,14295.82
12/5/1995,14324
12/6/1995,14310.44
12/7/1995,14285.75
12/8/1995,14311.26
12/11/1995,14300.77
12/12/1995,14333.48
12/13/1995,14378.34
12/14/1995,14431.57
12/15/1995,14471.13
12/18/1995,14422.2
12/19/1995,14472.3
12/20/1995,14501.65
12/21/1995,14428.16
12/22/1995,14489.62
12/26/1995,14507.95
12/27/1995,14653.66
12/28/1995,14650.88
12/29/1995,14722.17
1/2/1996,14840.86
1/3/1996,14934.19
1/4/1996,14847.5
1/5/1996,14888.44
1/8/1996,14812.01
1/9/1996,14874.56
1/10/1996,14739.39
1/11/1996,14539.55
1/12/1996,14483.86
1/15/1996,14453.82
1/16/1996,14334.33
1/17/1996,14516.63
1/18/1996,14654.98
1/19/1996,14640.27
1/22/1996,14500.13
1/23/1996,14548.34
1/24/1996,14645.05
1/25/1996,14473.15
1/26/1996,14618.18
1/29/1996,14735.11
1/30/1996,14923.02
1/31/1996,15015.79
2/1/1996,14905.39
2/2/1996,14891.29
2/5/1996,14430.64
2/6/1996,14601.28
2/7/1996,14694.65
2/8/1996,14735.56
2/9/1996,14794.83
2/12/1996,14809.39
2/13/1996,15121.55
2/14/1996,15058.42
2/15/1996,14991.07
2/16/1996,14862.93
2/20/1996,14634.94
2/21/1996,14722.85
2/22/1996,14765.24
2/23/1996,14714.67
2/26/1996,14734.48
2/27/1996,14777.96
2/28/1996,14863.74
2/29/1996,14857.01
3/1/1996,15011.1
3/4/1996,14975.27
3/5/1996,14917.77
3/6/1996,14949.15
3/7/1996,14904.43
3/8/1996,14654.75
3/11/1996,14800.21
3/12/1996,14735.45
3/13/1996,14803.78
3/14/1996,14888.01
3/15/1996,14795.66
3/18/1996,14966.57
3/19/1996,14966
3/20/1996,15064.76
3/21/1996,15156.16
3/22/1996,15235.52
3/25/1996,15357.11
3/26/1996,15342.12
3/27/1996,15409.93
3/28/1996,15240
3/29/1996,15357.14
4/1/1996,15588.78
4/2/1996,15666.57
4/3/1996,15646.95
4/4/1996,15721.76
4/8/1996,15844.33
4/9/1996,15920.92
4/10/1996,16145.26
4/11/1996,16237.71
4/12/1996,16225.02
4/15/1996,16323.59
4/16/1996,16037.48
4/17/1996,15990.06
4/18/1996,15939.24
4/19/1996,16055.51
4/22/1996,16246.49
4/23/1996,16438.32
4/24/1996,16458.22
4/25/1996,16592.99
4/26/1996,16436.11
4/29/1996,16401.6
4/30/1996,16172.73
5/1/1996,16298.26
5/2/1996,16100.99
5/3/1996,16057.83
5/6/1996,16019.8
5/7/1996,16143.56
5/8/1996,16256.84
5/9/1996,16251.96
5/10/1996,16365.91
5/13/1996,16478.26
5/14/1996,16469.06
5/15/1996,16486.33
5/16/1996,16480.18
5/17/1996,16442.01
5/20/1996,16573.72
5/21/1996,16510.89
5/22/1996,16498.49
5/23/1996,16488.07
5/24/1996,16526.3
5/28/1996,16472.58
5/29/1996,16302.06
5/30/1996,16191.01
5/31/1996,16155.17
6/3/1996,16179.39
6/4/1996,16167.07
6/5/1996,16032.13
6/6/1996,16126.82
6/7/1996,16235.49
6/10/1996,16316.73
6/11/1996,16327.39
6/12/1996,16286.18
6/13/1996,16237.55
6/14/1996,16278.94
6/17/1996,16377.55
6/18/1996,16345.42
6/19/1996,16256.69
6/20/1996,16364.58
6/21/1996,16529.47
6/24/1996,16502.6
6/25/1996,16525.12
6/26/1996,16540.46
6/27/1996,16494.69
6/28/1996,16616.21
7/1/1996,16726.52
7/2/1996,16621.21
7/3/1996,16702.37
7/5/1996,16733.95
7/8/1996,16762.52
7/9/1996,16822.4
7/10/1996,16921.47
7/11/1996,17100.07
7/12/1996,17181.26
7/15/1996,17188.85
7/16/1996,16850.2
7/17/1996,16662.49
7/18/1996,16527.68
7/19/1996,16354.08
7/22/1996,16208.81
7/23/1996,16301.01
7/24/1996,16246.09
7/25/1996,16187.09
7/26/1996,16101.22
7/29/1996,16081.54
7/30/1996,16049.06
7/31/1996,16014.11
8/1/1996,16297
8/2/1996,16353.91
8/5/1996,16307.1
8/6/1996,16236.12
8/7/1996,16318.1
8/8/1996,16385.11
8/9/1996,16408.57
8/12/1996,16521.38
8/13/1996,16631.3
8/14/1996,16643.48
8/15/1996,16596.89
8/16/1996,16800.97
8/19/1996,16856.34
8/20/1996,16789.57
8/21/1996,16696.25
8/22/1996,16801.92
8/23/1996,16708.92
8/26/1996,16646.77
8/27/1996,16616.98
8/28/1996,16693.52
8/29/1996,16806.12
8/30/1996,16795.27
9/3/1996,16970.35
9/4/1996,16909.61
9/5/1996,17092.11
9/6/1996,17238.75
9/9/1996,17253.37
9/10/1996,17390.12
9/11/1996,17523.14
9/12/1996,17603.1
9/13/1996,17562.64
9/16/1996,17395.9
9/17/1996,17426.83
9/18/1996,17408.06
9/19/1996,17384.97
9/20/1996,17435.63
9/23/1996,17386.81
9/24/1996,17415.77
9/25/1996,17649.67
9/26/1996,17636.55
9/27/1996,17630.68
9/30/1996,17619.41
10/1/1996,17674.02
10/2/1996,17799.56
10/3/1996,17857.78
10/4/1996,17942.33
10/7/1996,18029.55
10/8/1996,18045.84
10/9/1996,18062.15
10/10/1996,17825.28
10/11/1996,17934.56
10/14/1996,18019.9
10/15/1996,18186.18
10/16/1996,18075.07
10/17/1996,18133.79
10/18/1996,18244.47
10/21/1996,18289.22
10/22/1996,18415.97
10/23/1996,18230.5
10/24/1996,18144.28
10/25/1996,18299.43
10/28/1996,18320.55
10/29/1996,18332.02
10/30/1996,18438.53
10/31/1996,18399.96
11/1/1996,18305.5
11/4/1996,18221.24
11/5/1996,18526.36
11/6/1996,18489.64
11/7/1996,18249.27
11/8/1996,18311.8
11/11/1996,18229.88
11/12/1996,18233.86
11/13/1996,18311.29
11/14/1996,18607.09
11/15/1996,18551.83
11/18/1996,18491.62
11/19/1996,18487.72
11/20/1996,18469.66
11/21/1996,18620.34
11/22/1996,18711.43
11/25/1996,18776.72
11/26/1996,18863.2
11/27/1996,18947.05
11/29/1996,19250.6
12/2/1996,19527.12
12/3/1996,19439.45
12/4/1996,19337.88
12/5/1996,19174.54
12/6/1996,19077.08
12/9/1996,19309.18
12/10/1996,19214.01
12/11/1996,18787.03
12/12/1996,18771.01
12/13/1996,19054.95
12/16/1996,19201.33
12/17/1996,19126.93
12/18/1996,19148.4
12/19/1996,19410.56
12/20/1996,19463.61
12/23/1996,19431.17
12/24/1996,19548.94
12/26/1996,19390.87
12/27/1996,19376.09
12/30/1996,19297
12/31/1996,19351.65
1/2/1997,19150.1
1/3/1997,19396.83
1/6/1997,19638.5
1/7/1997,19474.06
1/8/1997,19653.49
1/9/1997,19708.03
1/10/1997,19423.75
1/13/1997,19362.29
1/14/1997,19524.79
1/15/1997,19664.54
1/16/1997,19536.02
1/17/1997,19605.34
1/20/1997,19554.72
1/21/1997,19551.93
1/22/1997,19669.65
1/23/1997,19529.51
1/24/1997,19357.77
1/27/1997,19435.84
1/28/1997,19467.8
1/29/1997,19386.78
1/30/1997,19519.84
1/31/1997,19526.67
2/3/1997,19548.19
2/4/1997,19752.19
2/5/1997,19820.76
2/6/1997,19662.01
2/7/1997,19571.55
2/10/1997,19573.46
2/11/1997,19671.96
2/12/1997,19619.35
2/13/1997,19643.7
2/14/1997,19724.52
2/18/1997,19603.12
2/19/1997,19696.33
2/20/1997,19368.41
2/21/1997,19319.78
2/24/1997,19188.69
2/25/1997,19222.45
2/26/1997,19268.4
2/27/1997,19146.27
2/28/1997,19015.19
3/3/1997,19017.23
3/4/1997,19138.37
3/5/1997,19060.88
3/6/1997,19069.62
3/7/1997,19151.89
3/10/1997,19007.67
3/11/1997,19017.56
3/12/1997,18964.53
3/13/1997,18984.44
3/14/1997,19038.49
3/17/1997,18921.7
3/18/1997,18876.66
3/19/1997,18856.13
3/20/1997,18868.84
3/21/1997,18939.85
3/24/1997,18985.62
3/25/1997,19012.89
3/26/1997,18923.81
3/27/1997,18760.27
3/31/1997,18808.15
4/1/1997,18747.85
4/2/1997,18811.51
4/3/1997,18704.91
4/4/1997,18725.91
4/7/1997,18889.49
4/8/1997,18961.09
4/9/1997,19065.03
4/10/1997,18975.39
4/11/1997,18881.5
4/14/1997,18834.97
4/15/1997,18975.61
4/16/1997,18953.52
4/17/1997,18918.7
4/18/1997,18838.41
4/21/1997,18732.93
4/22/1997,18870.03
4/23/1997,18975.94
4/24/1997,18940.96
4/25/1997,18944.24
4/28/1997,19059.33
4/29/1997,18966.7
4/30/1997,19033.61
5/1/1997,18943.89
5/2/1997,19117.56
5/5/1997,19196.34
5/6/1997,19190.76
5/7/1997,19095.08
5/8/1997,18969.84
5/9/1997,18845.4
5/12/1997,18825.57
5/13/1997,18846.64
5/14/1997,18811.38
5/15/1997,18797.07
5/16/1997,18611.68
5/19/1997,18694.58
5/20/1997,18586.03
5/21/1997,18549.83
5/22/1997,18585.44
5/23/1997,18646.88
5/27/1997,18708.83
5/28/1997,18683.04
5/29/1997,18796.41
5/30/1997,18893.01
6/2/1997,19010.86
6/3/1997,19002.05
6/4/1997,19042.11
6/5/1997,18973.64
6/6/1997,19024.97
6/9/1997,18828.07
6/10/1997,18915.37
6/11/1997,18942.9
6/12/1997,19283.48
6/13/1997,19360.45
6/16/1997,19403.36
6/17/1997,19387.57
6/18/1997,19395.12
6/19/1997,19355.97
6/20/1997,19375.55
6/23/1997,19398.33
6/24/1997,19381.26
6/25/1997,19255
6/26/1997,19283.1
6/27/1997,19462.26
6/30/1997,19284.62
7/1/1997,19324.03
7/2/1997,19425.99
7/3/1997,19693.88
7/7/1997,19819.72
7/8/1997,19692.18
7/9/1997,19665.3
7/10/1997,19681.24
7/11/1997,19769.63
7/14/1997,19798.79
7/15/1997,19603.63
7/16/1997,19763.34
7/17/1997,19762.72
7/18/1997,19765.07
7/21/1997,19875.56
7/22/1997,19963.08
7/23/1997,19984.74
7/24/1997,20059.09
7/25/1997,20086.21
7/28/1997,19948.86
7/29/1997,19913.59
7/30/1997,19774.06
7/31/1997,19796.59
8/1/1997,19608.63
8/4/1997,19422.44
8/5/1997,19519.87
8/6/1997,19535.99
8/7/1997,19619.49
8/8/1997,19224.9
8/11/1997,19335.31
8/12/1997,19293.62
8/13/1997,19165.71
8/14/1997,19402.57
8/15/1997,19365.88
8/18/1997,19422.19
8/19/1997,19450.79
8/20/1997,19467.92
8/21/1997,19274.23
8/22/1997,19212.25
8/25/1997,19269.03
8/26/1997,19248.97
8/27/1997,19166.57
8/28/1997,19312.17
8/29/1997,19409.42
9/2/1997,19661.78
9/3/1997,19625.53
9/4/1997,19564.29
9/5/1997,19434.4
9/8/1997,19591.35
9/9/1997,19534.06
9/10/1997,19519.17
9/11/1997,19574
9/12/1997,19638.26
9/15/1997,19592.02
9/16/1997,19838.09
9/17/1997,19858.36
9/18/1997,19937.21
9/19/1997,19915.63
9/22/1997,20036.86
9/23/1997,20014.3
9/24/1997,19896.25
9/25/1997,19821.52
9/26/1997,20004.98
9/29/1997,19808.32
9/30/1997,19801.15
10/1/1997,20048.81
10/2/1997,20114.47
10/3/1997,20082.09
10/6/1997,20098.39
10/7/1997,20040.53
10/8/1997,19869.4
10/9/1997,19752.42
10/10/1997,19806.61
10/13/1997,19881.6
10/14/1997,19983.64
10/15/1997,19928.9
10/16/1997,19934
10/17/1997,20037.17
10/20/1997,20084.65
10/21/1997,20172.74
10/22/1997,20295.32
10/23/1997,20328.29
10/24/1997,20629.55
10/27/1997,20710.51
10/28/1997,20294.27
10/29/1997,20373.7
10/30/1997,20381.88
10/31/1997,20464.57
11/3/1997,20434.11
11/4/1997,20398.49
11/5/1997,20459.26
11/6/1997,20522.82
11/7/1997,20566.5
11/10/1997,20542.58
11/11/1997,20577.5
11/12/1997,20619.27
11/13/1997,20656.9
11/14/1997,20564.79
11/17/1997,20577.53
11/18/1997,20567.47
11/19/1997,20741.09
11/20/1997,20690.93
11/21/1997,20697.1
11/24/1997,20715.95
11/25/1997,20825.19
11/26/1997,20894.12
11/28/1997,20909.19
12/1/1997,21203.37
12/2/1997,21187.48
12/3/1997,21172.23
12/4/1997,21165.18
12/5/1997,21091.89
12/8/1997,21107.99
12/9/1997,21160.08
12/10/1997,21186.24
12/11/1997,21277.41
12/12/1997,21405.03
12/15/1997,21401.84
12/16/1997,21470
12/17/1997,21246.71
12/18/1997,21453.17
12/19/1997,21580.68
12/22/1997,21609.42
12/23/1997,21585.01
12/24/1997,21631.86
12/26/1997,21695.53
12/29/1997,21822.78
12/30/1997,21701.91
12/31/1997,21800.5
1/2/1998,21979.39
1/5/1998,22446.54
1/6/1998,22571.71
1/7/1998,22376.91
1/8/1998,22630.45
1/9/1998,22707.46
1/12/1998,22847.15
1/13/1998,22615.24
1/14/1998,22519.85
1/15/1998,22379.47
1/16/1998,22128.51
1/20/1998,22178.57
1/21/1998,22110.77
1/22/1998,22160.46
1/23/1998,21860.37
1/26/1998,21803.5
1/27/1998,21624.8
1/28/1998,21540.57
1/29/1998,21667.27
1/30/1998,21744.75
2/2/1998,21665.68
2/3/1998,21893.35
2/4/1998,21784.91
2/5/1998,21655.94
2/6/1998,21838.55
2/9/1998,21891.95
2/10/1998,21829.65
2/11/1998,22076.52
2/12/1998,22144.02
2/13/1998,22264.07
2/17/1998,22586.95
2/18/1998,22412.45
2/19/1998,22336.3
2/20/1998,22506.63
2/23/1998,22711.37
2/24/1998,22717.8
2/25/1998,22743.84
2/26/1998,22640.14
2/27/1998,22428.66
3/2/1998,22314.61
3/3/1998,22359.66
3/4/1998,22443.21
3/5/1998,22607.27
3/6/1998,22719.89
3/9/1998,22946.71
3/10/1998,22950.1
3/11/1998,23075.72
3/12/1998,23147.63
3/13/1998,23095.65
3/16/1998,23509.05
3/17/1998,23477.29
3/18/1998,23327.78
3/19/1998,23345.55
3/20/1998,23429.28
3/23/1998,22844.07
3/24/1998,23002.31
3/25/1998,22861.83
3/26/1998,22752.83
3/27/1998,22804.87
3/30/1998,23028.54
3/31/1998,23261.37
4/1/1998,23522.97
4/2/1998,23466.33
4/3/1998,23568.75
4/6/1998,23749.69
4/7/1998,23770.11
4/8/1998,23537.29
4/9/1998,23527.91
4/13/1998,23577.82
4/14/1998,23620.68
4/15/1998,23445.07
4/16/1998,23461.49
4/17/1998,23532.92
4/20/1998,23533.64
4/21/1998,23280.51
4/22/1998,23300.23
4/23/1998,23331.98
4/24/1998,23395.69
4/27/1998,23214.36
4/28/1998,23229.89
4/29/1998,23424.71
4/30/1998,23523.02
5/1/1998,23356.15
5/4/1998,23367.64
5/5/1998,23290.74
5/6/1998,23315.67
5/7/1998,23375.99
5/8/1998,23472.08
5/11/1998,23541.74
5/12/1998,23620.87
5/13/1998,23773.43
5/14/1998,23731.54
5/15/1998,23975.65
5/18/1998,24315.73
5/19/1998,24366.79
5/20/1998,24465.23
5/21/1998,24349.63
5/22/1998,24399.18
5/26/1998,24915.52
5/27/1998,25070.21
5/28/1998,25136.97
5/29/1998,25095.92
6/1/1998,25331.66
6/2/1998,25243.41
6/3/1998,25322.44
6/4/1998,25261.47
6/5/1998,25510.22
6/8/1998,25760.47
6/9/1998,25962.29
6/10/1998,26252.76
6/11/1998,26548.2
6/12/1998,26557.87
6/15/1998,26905.29
6/16/1998,26547.25
6/17/1998,25589.79
6/18/1998,25868.5
6/19/1998,25388.81
6/22/1998,25501.85
6/23/1998,25282.19
6/24/1998,25418.83
6/25/1998,25644.44
6/26/1998,25654.97
6/29/1998,25811.85
6/30/1998,25545.22
7/1/1998,25648.62
7/2/1998,25933.84
7/6/1998,26117.71
7/7/1998,26021.43
7/8/1998,25999.92
7/9/1998,26315.74
7/10/1998,26405.43
7/13/1998,26246.23
7/14/1998,26035.82
7/15/1998,26026.85
7/16/1998,26028.36
7/17/1998,25986.05
7/20/1998,26298.21
7/21/1998,26626.3
7/22/1998,26731.56
7/23/1998,26910.16
7/24/1998,26830.88
7/27/1998,27006.74
7/28/1998,26927.99
7/29/1998,27139.11
7/30/1998,27162.53
7/31/1998,27399.94
8/3/1998,27847.44
8/4/1998,27748.09
8/5/1998,27702.86
8/6/1998,27763.8
8/7/1998,27792.97
8/10/1998,28046.81
8/11/1998,28464.85
8/12/1998,28478.05
8/13/1998,28171.08
8/14/1998,28290.05
8/17/1998,28112.74
8/18/1998,28267.34
8/19/1998,28354.98
8/20/1998,28295.3
8/21/1998,28906.43
8/24/1998,28890.81
8/25/1998,29118.25
8/26/1998,29486.43
8/27/1998,29806.68
8/28/1998,29630.91
8/31/1998,29781.02
9/1/1998,28959.81
9/2/1998,28995.34
9/3/1998,28401.43
9/4/1998,28257.63
9/8/1998,28015.98
9/9/1998,28573.76
9/10/1998,28249.91
9/11/1998,28120.18
9/14/1998,28148.57
9/15/1998,27920.71
9/16/1998,28121.78
9/17/1998,28343.29
9/18/1998,28215.38
9/21/1998,28377.62
9/22/1998,28196.28
9/23/1998,28224.89
9/24/1998,28047.03
9/25/1998,28208.19
9/28/1998,28310.46
9/29/1998,28088.08
9/30/1998,28503.54
10/1/1998,29188.04
10/2/1998,29185.82
10/5/1998,29385.11
10/6/1998,29115.88
10/7/1998,28278.67
10/8/1998,28170.03
10/9/1998,27341.81
10/12/1998,27399.82
10/13/1998,27564.68
10/14/1998,27673.35
10/15/1998,27672.78
10/16/1998,27688.26
10/19/1998,28006.29
10/20/1998,27941.58
10/21/1998,27764.26
10/22/1998,27745.39
10/23/1998,27629.57
10/26/1998,27278.18
10/27/1998,27819.87
10/28/1998,27720.3
10/29/1998,27875.28
10/30/1998,27714.69
11/2/1998,27627.09
11/3/1998,27593.95
11/4/1998,27360
11/5/1998,27229.04
11/6/1998,26980.15
11/9/1998,27222.03
11/10/1998,27260.39
11/11/1998,27172.89
11/12/1998,27057.57
11/13/1998,27260.22
11/16/1998,27843.77
11/17/1998,27930.1
11/18/1998,27979.17
11/19/1998,28009.5
11/20/1998,27867.85
11/23/1998,28201.03
11/24/1998,28350.51
11/25/1998,28318.2
11/27/1998,28214.96
11/30/1998,28769.66
12/1/1998,29052.66
12/2/1998,29453.39
12/3/1998,29633.05
12/4/1998,29564.81
12/7/1998,29294.61
12/8/1998,29800.1
12/9/1998,30059.56
12/10/1998,30434.48
12/11/1998,30619.74
12/14/1998,30386.61
12/15/1998,30137.87
12/16/1998,29600.06
12/17/1998,30378.35
12/18/1998,30555.07
12/21/1998,30602.74
12/22/1998,30355.17
12/23/1998,30312.7
12/24/1998,30027.15
12/28/1998,30206.27
12/29/1998,30106.96
12/30/1998,30107.36
12/31/1998,30033.01
1/4/1999,29795.87
1/5/1999,29733.04
1/6/1999,28974.31
1/7/1999,29180.55
1/8/1999,28936.96
1/11/1999,28669.32
1/12/1999,29000.42
1/13/1999,29775.83
1/14/1999,30117.25
1/15/1999,29860.66
1/19/1999,30256.39
1/20/1999,30277.86
1/21/1999,30190.84
1/22/1999,30301.9
1/25/1999,30595.93
1/26/1999,30780.01
1/27/1999,30451.85
1/28/1999,30262.39
1/29/1999,30163.76
2/1/1999,30334.66
2/2/1999,30417.08
2/3/1999,30389.27
2/4/1999,30269.33
2/5/1999,30302.84
2/8/1999,30131.26
2/9/1999,30236.32
2/10/1999,30291.52
2/11/1999,30327.28
2/12/1999,30197.85
2/16/1999,30296.78
2/17/1999,30289.84
2/18/1999,29962.1
2/19/1999,29980.45
2/22/1999,30169.16
2/23/1999,30045.9
2/24/1999,30021.5
2/25/1999,29810.19
2/26/1999,30120.04
3/1/1999,29977.24
3/2/1999,29717.8
3/3/1999,29392.97
3/4/1999,29208.96
3/5/1999,29228.84
3/8/1999,28934.32
3/9/1999,28785.8
3/10/1999,28242.73
3/11/1999,28630.12
3/12/1999,28799.63
3/15/1999,29051.41
3/16/1999,28953.34
3/17/1999,28570.77
3/18/1999,28797.67
3/19/1999,28708.71
3/22/1999,28128.6
3/23/1999,28236.72
3/24/1999,28479.45
3/25/1999,28163.34
3/26/1999,27681.36
3/29/1999,27688.51
3/30/1999,27401.72
3/31/1999,27667.15
4/1/1999,27771.41
4/5/1999,27665.13
4/6/1999,27792.41
4/7/1999,28020.94
4/8/1999,28156.04
4/9/1999,27971.07
4/12/1999,28172.67
4/13/1999,28090.83
4/14/1999,28242.68
4/15/1999,28128.9
4/16/1999,28087.79
4/19/1999,28118.8
4/20/1999,28075.58
4/21/1999,28055.41
4/22/1999,28123.8
4/23/1999,28178.38
4/26/1999,28219.4
4/27/1999,28241.47
4/28/1999,28259.67
4/29/1999,28259.57
4/30/1999,28325.61
5/3/1999,28216.2
5/4/1999,27911.56
5/5/1999,27770.06
5/6/1999,27826.05
5/7/1999,28079.91
5/10/1999,27899.46
5/11/1999,28043.82
5/12/1999,28124.56
5/13/1999,28053.28
5/14/1999,28044.8
5/17/1999,28097.42
5/18/1999,28151.26
5/19/1999,28140.5
5/20/1999,28268.04
5/21/1999,28391.99
5/24/1999,28603.55
5/25/1999,28478.95
5/26/1999,28597.41
5/27/1999,28636.49
5/28/1999,28457.97
6/1/1999,28245.45
6/2/1999,28180.47
6/3/1999,28213.35
6/4/1999,28217.99
6/7/1999,28197.33
6/8/1999,28185.54
6/9/1999,28196.94
6/10/1999,28314.9
6/11/1999,28034.87
6/14/1999,28147.33
6/15/1999,28298.08
6/16/1999,28417.21
6/17/1999,28094.03
6/18/1999,27765.18
6/21/1999,27888.85
6/22/1999,28070.95
6/23/1999,28169.2
6/24/1999,28240.31
6/25/1999,28077.76
6/28/1999,28078.53
6/29/1999,28129.3
6/30/1999,27926.2
7/1/1999,28307.44
7/2/1999,28543.78
7/6/1999,29046.38
7/7/1999,29247.21
7/8/1999,29215.68
7/9/1999,29403.83
7/12/1999,29209
7/13/1999,29196.9
7/14/1999,29042.53
7/15/1999,29153.7
7/16/1999,29276.61
7/19/1999,28771.55
7/20/1999,28356.66
7/21/1999,27935.55
7/22/1999,27902.65
7/23/1999,27942.64
7/26/1999,27999
7/27/1999,28086.3
7/28/1999,28057.63
7/29/1999,28155.27
7/30/1999,28132.09
8/2/1999,27804.42
8/3/1999,27875.36
8/4/1999,27744.1
8/5/1999,27894.65
8/6/1999,28269.33
8/9/1999,28347.39
8/10/1999,28193.39
8/11/1999,28390.39
8/12/1999,28605.57
8/13/1999,28602.04
8/16/1999,28484.56
8/17/1999,28491.54
8/18/1999,28417.88
8/19/1999,28288.15
8/20/1999,28335.9
8/23/1999,28609.03
8/24/1999,28628.86
8/25/1999,28172.52
8/26/1999,28325.6
8/27/1999,28493.36
8/30/1999,28709.94
8/31/1999,28582.31
9/1/1999,28628.23
9/2/1999,28421.15
9/3/1999,28292.94
9/7/1999,28485.13
9/8/1999,28592.12
9/9/1999,29166.93
9/10/1999,29280.06
9/13/1999,29548.35
9/14/1999,29464.34
9/15/1999,29725.45
9/16/1999,29464.01
9/17/1999,29501.71
9/20/1999,29383.37
9/21/1999,29357.12
9/22/1999,29501.1
9/23/1999,29637.77
9/24/1999,29420.94
9/27/1999,29267.12
9/28/1999,29046.99
9/29/1999,29156.9
9/30/1999,29123.64
10/1/1999,29474.03
10/4/1999,29066.47
10/5/1999,28929.9
10/6/1999,28840.17
10/7/1999,28781.06
10/8/1999,28532.77
10/11/1999,28695.89
10/12/1999,29116.07
10/13/1999,29237.44
10/14/1999,29125.62
10/15/1999,29177.24
10/18/1999,29089.81
10/19/1999,29218.86
10/20/1999,29381.73
10/21/1999,29468.38
10/22/1999,29751.77
10/25/1999,29788.79
10/26/1999,29740.93
10/27/1999,29605.67
10/28/1999,29007.64
10/29/1999,28770.8
11/1/1999,28999.29
11/2/1999,28793.67
11/3/1999,28888.12
11/4/1999,28784.08
11/5/1999,28639.48
11/8/1999,28529.09
11/9/1999,28847.14
11/10/1999,29260.29
11/11/1999,29056.1
11/12/1999,29144.1
11/15/1999,29078.67
11/16/1999,29025.9
11/17/1999,29299.8
11/18/1999,29303.67
11/19/1999,29380.08
11/22/1999,29605.72
11/23/1999,29565.71
11/24/1999,29847.23
11/26/1999,30160.97
11/29/1999,29951.1
11/30/1999,29532.66
12/1/1999,29535.36
12/2/1999,29849.87
12/3/1999,29845.89
12/6/1999,29642.34
12/7/1999,29453.1
12/8/1999,29666.63
12/9/1999,29614.48
12/10/1999,29250.14
12/13/1999,29472
12/14/1999,29688.53
12/15/1999,29937.38
12/16/1999,30149.96
12/17/1999,30205.47
12/20/1999,30187.36
12/21/1999,30257.81
12/22/1999,30290.22
12/23/1999,30300.16
12/27/1999,30505.29
12/28/1999,30731.62
12/29/1999,30507.54
12/30/1999,30328.29
12/31/1999,30395.24
1/3/2000,30480.04
1/4/2000,30621.64
1/5/2000,30617.32
1/6/2000,30529.78
1/7/2000,30228.63
1/10/2000,30275.15
1/11/2000,30607.41
1/12/2000,30811.03
1/13/2000,30616.25
1/14/2000,31176.37
1/18/2000,31598.83
1/19/2000,31489.25
1/20/2000,31439.36
1/21/2000,31649.98
1/24/2000,31301.61
1/25/2000,31286.14
1/26/2000,31289.52
1/27/2000,31391.27
1/28/2000,31153.39
1/31/2000,31280.16
2/1/2000,31153.43
2/2/2000,30843.66
2/3/2000,30695.86
2/4/2000,31017.97
2/7/2000,30988.27
2/8/2000,30638.87
2/9/2000,30865.94
2/10/2000,31180.83
2/11/2000,31069.32
2/14/2000,31234.12
2/15/2000,31248.59
2/16/2000,31405.75
2/17/2000,31185.06
2/18/2000,31150.04
2/22/2000,30505.46
2/23/2000,30802.84
2/24/2000,30795.23
2/25/2000,31220.68
2/28/2000,31421.04
2/29/2000,31499.04
3/1/2000,31755.22
3/2/2000,31885.34
3/3/2000,31767.13
3/6/2000,32007.2
3/7/2000,32279.1
3/8/2000,31694.74
3/9/2000,31477.92
3/10/2000,31461.62
3/13/2000,31319.2
3/14/2000,31123.05
3/15/2000,31040.97
3/16/2000,30840.28
3/17/2000,30663.51
3/20/2000,30497.28
3/21/2000,30715.07
3/22/2000,30790.37
3/23/2000,30492.13
3/24/2000,30724.41
3/27/2000,30856.64
3/28/2000,30906.9
3/29/2000,30869.18
3/30/2000,30523.15
3/31/2000,30664.08
4/3/2000,30329.8
4/4/2000,29885.6
4/5/2000,30032.35
4/6/2000,30169.28
4/7/2000,30105.78
4/10/2000,29776.82
4/11/2000,29791.87
4/12/2000,30246.17
4/13/2000,30195.84
4/14/2000,30068.86
4/17/2000,30380.87
4/18/2000,30517.55
4/19/2000,30829.04
4/20/2000,30882.09
4/24/2000,30939.58
4/25/2000,30972.29
4/26/2000,30884.33
4/27/2000,31127.52
4/28/2000,31205.75
5/1/2000,31152.33
5/2/2000,31398.76
5/3/2000,31201.68
5/4/2000,31450.69
5/5/2000,31250.56
5/8/2000,31729.47
5/9/2000,31787.03
5/10/2000,31836.91
5/11/2000,32327.15
5/12/2000,32061.08
5/15/2000,32361.06
5/16/2000,32508.38
5/17/2000,32964.37
5/18/2000,33359.05
5/19/2000,33103.36
5/22/2000,32684.14
5/23/2000,32791.52
5/24/2000,33335.17
5/25/2000,33400.73
5/26/2000,32851.07
5/30/2000,32940.01
5/31/2000,32639.94
6/1/2000,32763.7
6/2/2000,32409.68
6/5/2000,32273.09
6/6/2000,32007.9
6/7/2000,31876.41
6/8/2000,32093.37
6/9/2000,32348.22
6/12/2000,32532.6
6/13/2000,32594.87
6/14/2000,32658.49
6/15/2000,32601.17
6/16/2000,32111.08
6/19/2000,32065.62
6/20/2000,32180.32
6/21/2000,32481.12
6/22/2000,32765.45
6/23/2000,32903.95
6/26/2000,32935.95
6/27/2000,32896.29
6/28/2000,32812.63
6/29/2000,33140.23
6/30/2000,33202.13
7/3/2000,33361.48
7/5/2000,33142.73
7/6/2000,33054.95
7/7/2000,33222.76
7/10/2000,33007.22
7/11/2000,33255.7
7/12/2000,33470.3
7/13/2000,33922.2
7/14/2000,33761.04
7/17/2000,33714.02
7/18/2000,34102.56
7/19/2000,34042.01
7/20/2000,33874.89
7/21/2000,33550.52
7/24/2000,33397.96
7/25/2000,33448.76
7/26/2000,33586.57
7/27/2000,33895.34
7/28/2000,34052.02
7/31/2000,33910.35
8/1/2000,34335.38
8/2/2000,34688.33
8/3/2000,34955.11
8/4/2000,35252.5
8/7/2000,34953.35
8/8/2000,35194.6
8/9/2000,35526.85
8/10/2000,35758.62
8/11/2000,35725.68
8/14/2000,35799.35
8/15/2000,35441.98
8/16/2000,35348.12
8/17/2000,35451.57
8/18/2000,35841.39
8/21/2000,36179.99
8/22/2000,36063.17
8/23/2000,36381.84
8/24/2000,36183.92
8/25/2000,36382.67
8/28/2000,36469.91
8/29/2000,36353.45
8/30/2000,36720.24
8/31/2000,36638.26
9/1/2000,36733.35
9/5/2000,37007.03
9/6/2000,37702.09
9/7/2000,37886.25
9/8/2000,37662.99
9/11/2000,38037.38
9/12/2000,38041.47
9/13/2000,38138.97
9/14/2000,38359.45
9/15/2000,38593.93
9/18/2000,38662.7
9/19/2000,38779.3
9/20/2000,38687.66
9/21/2000,38308.8
9/22/2000,37751.06
9/25/2000,37665.58
9/26/2000,37456.52
9/27/2000,37379.44
9/28/2000,37066.64
9/29/2000,37258.63
10/2/2000,37651.33
10/3/2000,37748.15
10/4/2000,37676.17
10/5/2000,37682.92
10/6/2000,37829.07
10/9/2000,38260.15
10/10/2000,38439.72
10/11/2000,38798.86
10/12/2000,39436.71
10/13/2000,39462.21
10/16/2000,39240.37
10/17/2000,39114.03
10/18/2000,39338.44
10/19/2000,38965.66
10/20/2000,39125.69
10/23/2000,39559.51
10/24/2000,39256.33
10/25/2000,39183.34
10/26/2000,39084.09
10/27/2000,38561.21
10/30/2000,38657.66
10/31/2000,38466.17
11/1/2000,38441.19
11/2/2000,38193.55
11/3/2000,37913.11
11/6/2000,38024.37
11/7/2000,38215.33
11/8/2000,38423.72
11/9/2000,38658
11/10/2000,39059.47
11/13/2000,39290.81
11/14/2000,39766.29
11/15/2000,40382.08
11/16/2000,40406.79
11/17/2000,40621.87
11/20/2000,40941.7
11/21/2000,41192.64
11/22/2000,41352.44
11/24/2000,41471.29
11/27/2000,40961.72
11/28/2000,40572.66
11/29/2000,40920.39
11/30/2000,40734.09
12/1/2000,40185.1
12/4/2000,40099.11
12/5/2000,40117.89
12/6/2000,40270.4
12/7/2000,40339.71
12/8/2000,40100.45
12/11/2000,40829.63
12/12/2000,40512.03
12/13/2000,40349.6
12/14/2000,39723.43
12/15/2000,40191.62
12/18/2000,40441.93
12/19/2000,40316.39
12/20/2000,39997.56
12/21/2000,39910.59
12/22/2000,39664
12/26/2000,39763.72
12/27/2000,39936.69
12/28/2000,39748.74
12/29/2000,40066.06
1/2/2001,39929.06
1/3/2001,39951.74
1/4/2001,40116.88
1/5/2001,40241.09
1/8/2001,40334.57
1/9/2001,40419.43
1/10/2001,40625.18
1/11/2001,40540.12
1/12/2001,40570.45
1/16/2001,40621.91
1/17/2001,40199.66
1/18/2001,40360.14
1/19/2001,40727.68
1/22/2001,40544.88
1/23/2001,40423.45
1/24/2001,40356.15
1/25/2001,40582.88
1/26/2001,40912.46
1/29/2001,40429.42
1/30/2001,40242.94
1/31/2001,40205.06
2/1/2001,40730.29
2/2/2001,41111.34
2/5/2001,40746.03
2/6/2001,40693.41
2/7/2001,41435.94
2/8/2001,41646.69
2/9/2001,41700.77
2/12/2001,41432.82
2/13/2001,41291.56
2/14/2001,40707.8
2/15/2001,40388.07
2/16/2001,40573.68
2/20/2001,40373.21
2/21/2001,40346.64
2/22/2001,40300.43
2/23/2001,40464.21
2/26/2001,40452.31
2/27/2001,40560.25
2/28/2001,40480.19
3/1/2001,40599.73
3/2/2001,40580.36
3/5/2001,40889.45
3/6/2001,40875.63
3/7/2001,41453.19
3/8/2001,41255.82
3/9/2001,40941.17
3/12/2001,41029.72
3/13/2001,41022.21
3/14/2001,41326.17
3/15/2001,41864.15
3/16/2001,42289.17
3/19/2001,42002.34
3/20/2001,41847.64
3/21/2001,42372.54
3/22/2001,42880.91
3/23/2001,42588.86
3/26/2001,42288.89
3/27/2001,42247.11
3/28/2001,42108.02
3/29/2001,42187.16
3/30/2001,42626.64
4/2/2001,42392.66
4/3/2001,42281.81
4/4/2001,42223.2
4/5/2001,42328.39
4/6/2001,42399.95
4/9/2001,42553.11
4/10/2001,42541.63
4/11/2001,42101.61
4/12/2001,41575.03
4/16/2001,41654.15
4/17/2001,41863.15
4/18/2001,41625.18
4/19/2001,40785.53
4/20/2001,40699.46
4/23/2001,41430.62
4/24/2001,41340.32
4/25/2001,41146.35
4/26/2001,41143.34
4/27/2001,41231.91
4/30/2001,40922.89
5/1/2001,40610.11
5/2/2001,40212.03
5/3/2001,40623.19
5/4/2001,40583.63
5/7/2001,40573.09
5/8/2001,40852.01
5/9/2001,40997.36
5/10/2001,41133.36
5/11/2001,40918.34
5/14/2001,40793.35
5/15/2001,40697.18
5/16/2001,40482.14
5/17/2001,40514.55
5/18/2001,40756.05
5/21/2001,41196.74
5/22/2001,41554.53
5/23/2001,41837.1
5/24/2001,41501.92
5/25/2001,41510.51
5/29/2001,41672.97
5/30/2001,41671.13
5/31/2001,41799.62
6/1/2001,41418.68
6/4/2001,41554.2
6/5/2001,41654.46
6/6/2001,41533.91
6/7/2001,41457.63
6/8/2001,41451.61
6/11/2001,41575.18
6/12/2001,41580.8
6/13/2001,41509.84
6/14/2001,41495.27
6/15/2001,41750.07
6/18/2001,41529.84
6/19/2001,41662.28
6/20/2001,41683.56
6/21/2001,41551.85
6/22/2001,41698.49
6/25/2001,41923.46
6/26/2001,41659.84
6/27/2001,41650.43
6/28/2001,42238.32
6/29/2001,41946.41
7/2/2001,41761.74
7/3/2001,41536.41
7/5/2001,41886.42
7/6/2001,41699.27
7/9/2001,41629.14
7/10/2001,41180.36
7/11/2001,40970.98
7/12/2001,40799.81
7/13/2001,41202.42
7/16/2001,41558.42
7/17/2001,41161.56
7/18/2001,41008.93
7/19/2001,41127.72
7/20/2001,41068.31
7/23/2001,41299.91
7/24/2001,41054.82
7/25/2001,40541.43
7/26/2001,40740.21
7/27/2001,40731.43
7/30/2001,40824.37
7/31/2001,40952.61
8/1/2001,40853.11
8/2/2001,40598.6
8/3/2001,40775.96
8/6/2001,40782.44
8/7/2001,40854.36
8/8/2001,40795.07
8/9/2001,40526.26
8/10/2001,40570.69
8/13/2001,40506.13
8/14/2001,40130.8
8/15/2001,39577.28
8/16/2001,39707.85
8/17/2001,39818.48
8/20/2001,39876.2
8/21/2001,39805.69
8/22/2001,40035.76
8/23/2001,39810.09
8/24/2001,39953.31
8/27/2001,39975.57
8/28/2001,40279.31
8/29/2001,40421.95
8/30/2001,40576.97
8/31/2001,40380.08
9/4/2001,40021.15
9/5/2001,40075.56
9/6/2001,40404.05
9/7/2001,40618.57
9/10/2001,40580.73
9/17/2001,41425.99
9/18/2001,41617.47
9/19/2001,41951.19
9/20/2001,41617.87
9/21/2001,41528.39
9/24/2001,41600.47
9/25/2001,41635.71
9/26/2001,41704.78
9/27/2001,41916.33
9/28/2001,41813.91
10/1/2001,42106.9
10/2/2001,42255.23
10/3/2001,42136.31
10/4/2001,41958.85
10/5/2001,42065.92
10/8/2001,42161.82
10/9/2001,41893.31
10/10/2001,41607.1
10/11/2001,41133.11
10/12/2001,41706.55
10/15/2001,41834.58
10/16/2001,41671.04
10/17/2001,41793.6
10/18/2001,42139.14
10/19/2001,41395.49
10/22/2001,41285.95
10/23/2001,41508.54
10/24/2001,41212.19
10/25/2001,41619.42
10/26/2001,41606.19
10/29/2001,41736.23
10/30/2001,42160.22
10/31/2001,42583.88
11/1/2001,43092.06
11/2/2001,43036.52
11/5/2001,43426.51
11/6/2001,43414.31
11/7/2001,43490.53
11/8/2001,42654.66
11/9/2001,42239.76
11/12/2001,42855.21
11/13/2001,42034.62
11/14/2001,42395.83
11/15/2001,42795.59
11/16/2001,42086.38
11/19/2001,41991.64
11/20/2001,41719.42
11/21/2001,41508
11/23/2001,41445.42
11/26/2001,41915.19
11/27/2001,41336.79
11/28/2001,41829.75
11/29/2001,42239.79
11/30/2001,41740.43
12/3/2001,41684.47
12/4/2001,42051.27
12/5/2001,41608.08
12/6/2001,41820.48
12/7/2001,41322.25
12/10/2001,41681.8
12/11/2001,41943.86
12/12/2001,42240.98
12/13/2001,42063.21
12/14/2001,41408.28
12/17/2001,41401.54
12/18/2001,41743.23
12/19/2001,41871.52
12/20/2001,42126.17
12/21/2001,41779.76
12/24/2001,41614.89
12/26/2001,40987.34
12/27/2001,41378.57
12/28/2001,41318.29
12/31/2001,42014.09
1/2/2002,41506.28
1/3/2002,41829.01
1/4/2002,41148.53
1/7/2002,41166.38
1/8/2002,41254.99
1/9/2002,41609.62
1/10/2002,41808.29
1/11/2002,42020.77
1/14/2002,42346.38
1/15/2002,42072.32
1/16/2002,41882.04
1/17/2002,42378.55
1/18/2002,42630.97
1/22/2002,42649.52
1/23/2002,42309.99
1/24/2002,42171.42
1/25/2002,41833.1
1/28/2002,42057.16
1/29/2002,42368.53
1/30/2002,42524.45
1/31/2002,42122.41
2/1/2002,41864.64
2/4/2002,42305.28
2/5/2002,42544.15
2/6/2002,42685.64
2/7/2002,42560.58
2/8/2002,42469.49
2/11/2002,41762.16
2/12/2002,41693.33
2/13/2002,41471.86
2/14/2002,41661.96
2/15/2002,41833.25
2/19/2002,41772.34
2/20/2002,41966.7
2/21/2002,41794.71
2/22/2002,41801.96
2/25/2002,42411.74
2/26/2002,42227.46
2/27/2002,42274.58
2/28/2002,41902.51
3/1/2002,41180.6
3/4/2002,40849.84
3/5/2002,40421.32
3/6/2002,40102.32
3/7/2002,39069.73
3/8/2002,38969.48
3/11/2002,38489.37
3/12/2002,38614.59
3/13/2002,38899.85
3/14/2002,38519.52
3/15/2002,38418.29
3/18/2002,38254.58
3/19/2002,38395.64
3/20/2002,38735.02
3/21/2002,38370.82
3/22/2002,38647.6
3/25/2002,38614.88
3/26/2002,38471.96
3/27/2002,38500.4
3/28/2002,38859.97
4/1/2002,38656.58
4/2/2002,38455.04
4/3/2002,38380.77
4/4/2002,38443.03
4/5/2002,38374.06
4/8/2002,38497.91
4/9/2002,38567.36
4/10/2002,38701.48
4/11/2002,38747.46
4/12/2002,38491.52
4/15/2002,38323.51
4/16/2002,38458.41
4/17/2002,38478.07
4/18/2002,38620.29
4/19/2002,38524.19
4/22/2002,38418.42
4/23/2002,38460.02
4/24/2002,38625.38
4/25/2002,38808.52
4/26/2002,38863.53
4/29/2002,38787.96
4/30/2002,38449.6
5/1/2002,38531.89
5/2/2002,38485.22
5/3/2002,38675.38
5/6/2002,38608.74
5/7/2002,38662.41
5/8/2002,38407.81
5/9/2002,38594.16
5/10/2002,38720.85
5/13/2002,38269.39
5/14/2002,38119.33
5/15/2002,38230.07
5/16/2002,38341.31
5/17/2002,38629.86
5/20/2002,38716.14
5/21/2002,38786.6
5/22/2002,39002.59
5/23/2002,38818.76
5/24/2002,38876.06
5/28/2002,38999.71
5/29/2002,39107.52
5/30/2002,39103.72
5/31/2002,39120.96
6/3/2002,39227.65
6/4/2002,39376.13
6/5/2002,39280.84
6/6/2002,39544.26
6/7/2002,39557.48
6/10/2002,39341.67
6/11/2002,39471.95
6/12/2002,39492.23
6/13/2002,39151.06
6/14/2002,39155
6/17/2002,39141.13
6/18/2002,39308.63
6/19/2002,39483.17
6/20/2002,39750.01
6/21/2002,40114.55
6/24/2002,39697.13
6/25/2002,39764.81
6/26/2002,40178.93
6/27/2002,39954.09
6/28/2002,40241.38
7/1/2002,39911.89
7/2/2002,39807.84
7/3/2002,39650.34
7/5/2002,39297.7
7/8/2002,39970.18
7/9/2002,40218.64
7/10/2002,40392.6
7/11/2002,40515.23
7/12/2002,40663.55
7/15/2002,41049.92
7/16/2002,40989
7/17/2002,41006.09
7/18/2002,40828.65
7/19/2002,41180.26
7/22/2002,40732.03
7/23/2002,39861.64
7/24/2002,40401.22
7/25/2002,40482.45
7/26/2002,39834.21
7/29/2002,39304.21
7/30/2002,39756.14
7/31/2002,39821.06
8/1/2002,40019.84
8/2/2002,40437.06
8/5/2002,40332.16
8/6/2002,39882.5
8/7/2002,40332.68
8/8/2002,39790.38
8/9/2002,40116.71
8/12/2002,40690.58
8/13/2002,40989.33
8/14/2002,41364.86
8/15/2002,41293.89
8/16/2002,40935.74
8/19/2002,40413.48
8/20/2002,40696.4
8/21/2002,40657.64
8/22/2002,39865.33
8/23/2002,40105.73
8/26/2002,40356.07
8/27/2002,40830.86
8/28/2002,40749.6
8/29/2002,41135.66
8/30/2002,41215.35
9/3/2002,42000.22
9/4/2002,42157.31
9/5/2002,42600.7
9/6/2002,42728.55
9/9/2002,43036.24
9/10/2002,42862.3
9/11/2002,42657.33
9/12/2002,42657.28
9/13/2002,42606.25
9/16/2002,42713.89
9/17/2002,42591.04
9/18/2002,42924.5
9/19/2002,43230.68
9/20/2002,42712.23
9/23/2002,42905.6
9/24/2002,43189.21
9/25/2002,42724.51
9/26/2002,42809.62
9/27/2002,43093.16
9/30/2002,43314.2
10/1/2002,43110.02
10/2/2002,42952.43
10/3/2002,42633.09
10/4/2002,42515.59
10/7/2002,42802.72
10/8/2002,42785.81
10/9/2002,43068.72
10/10/2002,42435.22
10/11/2002,42340.66
10/14/2002,42742.71
10/15/2002,42336.83
10/16/2002,42390.37
10/17/2002,42186.5
10/18/2002,42204.28
10/21/2002,41573.28
10/22/2002,41443.58
10/23/2002,41616.96
10/24/2002,41686.83
10/25/2002,41459.26
10/28/2002,41857.28
10/29/2002,42128.89
10/30/2002,41946.64
10/31/2002,42434.51
11/1/2002,42442.3
11/4/2002,42128.8
11/5/2002,41813.93
11/6/2002,41732.31
11/7/2002,42048.63
11/8/2002,42147.21
11/11/2002,42117.23
11/12/2002,41954
11/13/2002,41569.08
11/14/2002,41478.07
11/15/2002,41665.61
11/18/2002,41959.21
11/19/2002,42103.49
11/20/2002,42020.78
11/21/2002,41996.25
11/22/2002,42083.56
11/25/2002,41765.45
11/26/2002,42007.46
11/27/2002,41649.92
11/29/2002,41886.74
12/2/2002,42009.61
12/3/2002,41946.8
12/4/2002,41987.38
12/5/2002,42246.81
12/6/2002,42457.5
12/9/2002,42617.86
12/10/2002,42849.4
12/11/2002,43024.02
12/12/2002,43716.48
12/13/2002,44031.6
12/16/2002,44393.86
12/17/2002,44525.21
12/18/2002,44760.81
12/19/2002,45072.91
12/20/2002,44987.17
12/23/2002,45364.22
12/24/2002,45706.57
12/26/2002,45708.51
12/27/2002,46065.54
12/30/2002,45589.5
12/31/2002,45716.93
1/2/2003,45630.85
1/3/2003,46178.25
1/6/2003,45997.66
1/7/2003,45591.62
1/8/2003,46061.07
1/9/2003,46276.12
1/10/2003,46275.88
1/13/2003,46436.55
1/14/2003,46466.75
1/15/2003,46833.55
1/16/2003,47379.27
1/17/2003,47813.69
1/21/2003,47838.27
1/22/2003,47986.58
1/23/2003,48048.92
1/24/2003,48891.82
1/27/2003,48606.13
1/28/2003,48667.68
1/29/2003,49359.38
1/30/2003,49311.86
1/31/2003,49112.78
2/3/2003,48904.31
2/4/2003,49774.65
2/5/2003,49569.47
2/6/2003,49968.5
2/7/2003,50488.08
2/10/2003,49661.63
2/11/2003,50053.12
2/12/2003,49696.95
2/13/2003,50258.06
2/14/2003,49938.17
2/18/2003,49614.38
2/19/2003,50567.34
2/20/2003,50617.51
2/21/2003,51139.69
2/24/2003,52362.5
2/25/2003,51525.36
2/26/2003,52201.79
2/27/2003,51806.68
2/28/2003,52237.99
3/3/2003,52327.21
3/4/2003,52354.81
3/5/2003,52780.28
3/6/2003,52886.25
3/7/2003,53736.81
3/10/2003,53693.62
3/11/2003,53232.74
3/12/2003,53008.64
3/13/2003,51109.09
3/14/2003,50834.45
3/17/2003,49837.59
3/18/2003,48980.57
3/19/2003,48148.32
3/20/2003,47925.68
3/21/2003,46927.28
3/24/2003,48277.69
3/25/2003,48027.06
3/26/2003,48196.94
3/27/2003,48774.62
3/28/2003,49142.04
3/31/2003,49708.73
4/1/2003,49338.12
4/2/2003,48261.29
4/3/2003,48200.07
4/4/2003,47960.37
4/7/2003,47397.85
4/8/2003,47841.34
4/9/2003,48571.08
4/10/2003,48536.96
4/11/2003,48465.12
4/14/2003,48514.82
4/15/2003,48936.06
4/16/2003,49503.98
4/17/2003,49740.65
4/21/2003,49770.28
4/22/2003,50002.61
4/23/2003,49313.43
4/24/2003,49746.44
4/25/2003,49757.67
4/28/2003,49301.56
4/29/2003,49362.49
4/30/2003,50020.32
5/1/2003,50481.63
5/2/2003,50091.05
5/5/2003,50579.52
5/6/2003,50879.31
5/7/2003,50903.24
5/8/2003,51446.5
5/9/2003,51473.44
5/12/2003,51634.15
5/13/2003,52038.69
5/14/2003,52557.81
5/15/2003,51959.04
5/16/2003,52734.15
5/19/2003,53013.84
5/20/2003,53584.99
5/21/2003,53677.16
5/22/2003,53644.05
5/23/2003,54071.9
5/27/2003,53918.42
5/28/2003,53102.54
5/29/2003,53953.38
5/30/2003,53907.07
6/2/2003,54080.06
6/3/2003,54224.4
6/4/2003,54152.28
6/5/2003,54953.65
6/6/2003,54620.81
6/9/2003,54713.96
6/10/2003,54995.21
6/11/2003,55252.97
6/12/2003,54520.16
6/13/2003,55000.62
6/16/2003,54754.34
6/17/2003,54507.5
6/18/2003,53739.03
6/19/2003,53676.04
6/20/2003,53416.82
6/23/2003,53691.2
6/24/2003,53411.21
6/25/2003,54079.73
6/26/2003,52435.32
6/27/2003,52323.3
6/30/2003,52955.68
7/1/2003,53230.8
7/2/2003,53183.67
7/3/2003,52681.55
7/7/2003,52221.93
7/8/2003,51792.74
7/9/2003,52249.34
7/10/2003,52380.39
7/11/2003,52257.57
7/14/2003,52128.8
7/15/2003,50988.82
7/16/2003,50774.67
7/17/2003,50686.36
7/18/2003,50739.74
7/21/2003,50602.3
7/22/2003,49775.47
7/23/2003,50688.81
7/24/2003,50812.3
7/25/2003,51126.52
7/28/2003,50705.76
7/29/2003,50542.31
7/30/2003,50428.66
7/31/2003,49708.65
8/1/2003,50473.05
8/4/2003,50341.72
8/5/2003,50315.22
8/6/2003,50325.45
8/7/2003,50804.64
8/8/2003,50609.19
8/11/2003,50770.62
8/12/2003,50448.92
8/13/2003,49994.54
8/14/2003,49841.92
8/15/2003,50012.43
8/18/2003,49563.12
8/19/2003,49547.95
8/20/2003,49745.6
8/21/2003,49836.17
8/22/2003,49731.81
8/25/2003,49548.71
8/26/2003,49608.29
8/27/2003,49330.43
8/28/2003,49360.06
8/29/2003,49864.73
9/2/2003,48827.5
9/3/2003,49063.55
9/4/2003,49006.68
9/5/2003,49155.91
9/8/2003,49250.73
9/9/2003,49702.29
9/10/2003,49542.62
9/11/2003,49514.78
9/12/2003,49401.22
9/15/2003,49521.79
9/16/2003,49051.45
9/17/2003,49130.85
9/18/2003,49043.07
9/19/2003,49431
9/22/2003,49921.08
9/23/2003,49872.91
9/24/2003,50426.54
9/25/2003,50589.86
9/26/2003,50365.93
9/29/2003,50660.45
9/30/2003,51082.03
10/1/2003,51657.9
10/2/2003,51818.61
10/3/2003,51083.88
10/6/2003,51634.89
10/7/2003,51913.36
10/8/2003,51870.63
10/9/2003,51966.99
10/10/2003,52731.24
10/13/2003,52978.05
10/14/2003,52900.55
10/15/2003,52436.53
10/16/2003,52182.59
10/17/2003,52409.32
10/20/2003,52487.22
10/21/2003,52522.01
10/22/2003,53072.16
10/23/2003,52777.43
10/24/2003,53015.87
10/27/2003,52964.29
10/28/2003,52780.58
10/29/2003,52721.67
10/30/2003,52292.3
10/31/2003,52531.88
11/3/2003,51948.4
11/4/2003,52117.38
11/5/2003,52607.55
11/6/2003,52330.71
11/7/2003,52914.34
11/10/2003,52992.37
11/11/2003,53061.77
11/12/2003,53484.56
11/13/2003,53887.62
11/14/2003,53984.23
11/17/2003,53493.55
11/18/2003,54626.79
11/19/2003,53743.18
11/20/2003,53989.94
11/21/2003,54172.18
11/24/2003,53143.86
11/25/2003,53331.41
11/26/2003,54069.51
11/28/2003,54368.45
12/1/2003,54277.76
12/2/2003,54882
12/3/2003,54925.12
12/4/2003,54222.1
12/5/2003,54229.79
12/8/2003,54583.31
12/9/2003,54479.87
12/10/2003,54181.39
12/11/2003,54095.14
12/12/2003,54498.31
12/15/2003,54851.87
12/16/2003,54700.66
12/17/2003,55011.84
12/18/2003,55387.43
12/19/2003,55231.57
12/22/2003,54629.13
12/23/2003,54546.84
12/24/2003,55247.89
12/26/2003,55358.16
12/29/2003,55274.35
12/30/2003,55731.85
12/31/2003,55617.55
1/2/2004,56224.99
1/5/2004,57785.35
1/6/2004,57824.42
1/7/2004,57406.01
1/8/2004,58435.51
1/9/2004,58992.75
1/12/2004,59014.94
1/13/2004,58633.04
1/14/2004,58573.91
1/15/2004,57254.09
1/16/2004,57412.74
1/20/2004,58635.83
1/21/2004,58953.95
1/22/2004,59343.81
1/23/2004,58566.06
1/26/2004,57717.98
1/27/2004,58152.18
1/28/2004,57119.82
1/29/2004,56265.66
1/30/2004,56851.39
2/2/2004,56983.6
2/3/2004,57337.5
2/4/2004,56820.1
2/5/2004,57021.04
2/6/2004,57667.06
2/9/2004,58206.2
2/10/2004,58408.73
2/11/2004,59397.82
2/12/2004,59277.68
2/13/2004,59424.79
2/17/2004,60306.11
2/18/2004,59482.31
2/19/2004,59930.48
2/20/2004,58297.58
2/23/2004,58962.47
2/24/2004,59887.52
2/25/2004,59374.51
2/26/2004,59184.72
2/27/2004,59768.26
3/1/2004,60105.55
3/2/2004,58797.07
3/3/2004,58221.7
3/4/2004,58342.67
3/5/2004,59430.38
3/8/2004,58989.38
3/9/2004,59020.01
3/10/2004,58559.88
3/11/2004,58709.5
3/12/2004,58159.24
3/15/2004,59016.48
3/16/2004,59451.37
3/17/2004,60074.58
3/18/2004,60836.38
3/19/2004,60601.73
3/22/2004,61162.46
3/23/2004,61065.45
3/24/2004,60244.23
3/25/2004,59977.31
3/26/2004,60090.16
3/29/2004,59929.04
3/30/2004,60475.16
3/31/2004,61005.1
4/1/2004,60999.7
4/2/2004,59557.54
4/5/2004,58706.59
4/6/2004,59389.16
4/7/2004,60072.94
4/8/2004,59743.25
4/12/2004,59916.36
4/13/2004,58460.09
4/14/2004,57906.22
4/15/2004,57776.68
4/16/2004,58220.74
4/19/2004,58252.95
4/20/2004,57447.65
4/21/2004,56150.41
4/22/2004,56730.02
4/23/2004,56440.07
4/26/2004,56977.8
4/27/2004,57454.19
4/28/2004,56870.08
4/29/2004,57106.14
4/30/2004,57426.04
5/3/2004,58047.32
5/4/2004,59016.93
5/5/2004,59468.34
5/6/2004,58681.24
5/7/2004,57970.98
5/10/2004,57015.77
5/11/2004,57404.47
5/12/2004,57449.57
5/13/2004,57244.19
5/14/2004,57035.94
5/17/2004,56829.18
5/18/2004,56291.53
5/19/2004,57662.31
5/20/2004,56942.24
5/21/2004,56993.82
5/24/2004,57790.12
5/25/2004,57804.24
5/26/2004,57469.73
5/27/2004,57393.9
5/28/2004,57545.14
6/1/2004,58865.94
6/2/2004,58087.87
6/3/2004,57429.45
6/4/2004,57308.82
6/7/2004,57473.12
6/8/2004,56844.48
6/9/2004,56726.64
6/10/2004,57073.09
6/14/2004,56867.42
6/15/2004,56666.73
6/16/2004,56633.71
6/17/2004,57245.39
6/18/2004,57283.99
6/21/2004,56776.55
6/22/2004,56862.3
6/23/2004,57081.77
6/24/2004,57468.67
6/25/2004,57150.9
6/28/2004,56480.63
6/29/2004,55876.72
6/30/2004,56017.61
7/1/2004,56784.76
7/2/2004,56557.04
7/6/2004,57073.45
7/7/2004,57272.7
7/8/2004,57444.62
7/9/2004,57517.56
7/12/2004,57032.66
7/13/2004,56831.35
7/14/2004,57517.01
7/15/2004,57187.19
7/16/2004,57691.1
7/19/2004,57702.53
7/20/2004,56903.41
7/21/2004,56462.89
7/22/2004,57064.7
7/23/2004,56720.77
7/26/2004,56563.32
7/27/2004,56047.33
7/28/2004,56758.37
7/29/2004,56672.91
7/30/2004,57073.58
8/2/2004,56917.06
8/3/2004,57115.7
8/4/2004,56358.82
8/5/2004,56579.65
8/6/2004,57274.56
8/9/2004,57202.96
8/10/2004,56893.46
8/11/2004,57165.18
8/12/2004,57532.68
8/13/2004,58559.59
8/16/2004,58004.48
8/17/2004,57786.07
8/18/2004,57688.06
8/19/2004,58156.79
8/20/2004,57454.29
8/23/2004,56463.41
8/24/2004,56079.3
8/25/2004,55924.32
8/26/2004,55858.1
8/27/2004,56060.65
8/30/2004,55743.87
8/31/2004,56201.38
9/1/2004,56613.84
9/2/2004,56653.59
9/3/2004,56353.62
9/7/2004,56279.28
9/8/2004,56588
9/9/2004,57053.41
9/10/2004,56887.31
9/13/2004,57128.37
9/14/2004,57561.04
9/15/2004,57065.35
9/16/2004,57663.79
9/17/2004,57963.49
9/20/2004,58251.76
9/21/2004,58639.46
9/22/2004,59395.43
9/23/2004,59432.67
9/24/2004,59691.47
9/27/2004,60290.84
9/28/2004,60234.3
9/29/2004,59633.05
9/30/2004,59974.39
10/1/2004,59844.4
10/4/2004,59503.3
10/5/2004,59849.56
10/6/2004,59920.31
10/7/2004,59928.71
10/8/2004,60867.12
10/11/2004,60976.3
10/12/2004,60936.5
10/13/2004,60659.59
10/14/2004,61277.27
10/15/2004,61253.24
10/18/2004,60850.47
10/19/2004,60665
10/20/2004,61762.79
10/21/2004,62144.13
10/22/2004,62530.72
10/25/2004,62458.12
10/26/2004,62607.35
10/27/2004,61247.99
10/28/2004,60566.29
10/29/2004,61471.31
11/1/2004,60864.95
11/2/2004,60481.74
11/3/2004,61646.79
11/4/2004,61285.52
11/5/2004,61261.87
11/8/2004,60983.22
11/9/2004,60701.49
11/10/2004,61049.72
11/11/2004,60809.62
11/12/2004,61456.95
11/15/2004,61088.01
11/16/2004,60928.73
11/17/2004,61784.86
11/18/2004,61317.93
11/19/2004,62558.39
11/22/2004,62604.55
11/23/2004,62906.03
11/24/2004,63630.16
11/26/2004,64237.32
11/29/2004,63867.76
11/30/2004,63646.21
12/1/2004,63298.35
12/2/2004,61976.78
12/3/2004,62706
12/6/2004,62512.05
12/7/2004,62437.39
12/8/2004,61869.53
12/9/2004,61921.75
12/10/2004,61287.32
12/13/2004,61717.91
12/14/2004,61512.07
12/15/2004,63084.7
12/16/2004,62319.74
12/17/2004,62884.7
12/20/2004,63231.18
12/21/2004,63269.24
12/22/2004,62696.43
12/23/2004,62979.75
12/27/2004,63005.37
12/28/2004,63057.99
12/29/2004,62805.06
12/30/2004,63359.54
12/31/2004,63396.87
1/3/2005,63377.55
1/4/2005,62546.07
1/5/2005,62420.13
1/6/2005,62100.94
1/7/2005,61623.49
1/10/2005,61780.67
1/11/2005,62476.57
1/12/2005,63677.73
1/13/2005,63641.67
1/14/2005,63769.84
1/18/2005,63894.49
1/19/2005,63510.13
1/20/2005,63219.88
1/21/2005,64287.33
1/24/2005,64200.71
1/25/2005,63794.7
1/26/2005,64495.54
1/27/2005,64539.81
1/28/2005,64291.08
1/31/2005,64343
2/1/2005,63977.83
2/2/2005,63741.83
2/3/2005,63233.31
2/4/2005,63417.43
2/7/2005,62661
2/8/2005,62660.23
2/9/2005,62910.69
2/10/2005,63664.16
2/11/2005,63518.23
2/14/2005,63630.69
2/15/2005,63791.73
2/16/2005,63948.93
2/17/2005,63792.98
2/18/2005,63555.88
2/22/2005,64250.2
2/23/2005,63941.07
2/24/2005,63615.21
2/25/2005,63029.39
2/28/2005,63026.21
3/1/2005,62872.68
3/2/2005,62813.67
3/3/2005,62799.1
3/4/2005,63621.33
3/7/2005,63823.73
3/8/2005,64396.74
3/9/2005,64351.66
3/10/2005,63938.39
3/11/2005,63810.51
3/14/2005,63346.23
3/15/2005,63163.67
3/16/2005,64181.56
3/17/2005,64046.95
3/18/2005,64041.93
3/21/2005,63537.21
3/22/2005,63086.6
3/23/2005,62183.44
3/24/2005,62501.06
3/28/2005,62027.58
3/29/2005,62263.93
3/30/2005,62619.12
3/31/2005,63285.47
4/1/2005,63482.67
4/4/2005,63412.15
4/5/2005,63365.85
4/6/2005,63155.21
4/7/2005,62760.13
4/8/2005,62956.69
4/11/2005,63193.73
4/12/2005,62957.19
4/13/2005,62786.3
4/14/2005,62470.65
4/15/2005,62726.19
4/18/2005,63009.99
4/19/2005,63744.98
4/20/2005,64121.56
4/21/2005,63964.08
4/22/2005,64336.05
4/25/2005,63892.16
4/26/2005,63627.33
4/27/2005,63171.43
4/28/2005,63470.17
4/29/2005,62933.55
5/2/2005,63104.37
5/3/2005,62929.02
5/4/2005,63265.27
5/5/2005,63593.68
5/6/2005,62830.76
5/9/2005,63041.82
5/10/2005,63426.15
5/11/2005,63083.94
5/12/2005,62518.94
5/13/2005,62142.45
5/16/2005,61820.56
5/17/2005,61982.32
5/18/2005,62115.2
5/19/2005,61919.8
5/20/2005,61463.8
5/23/2005,61192.81
5/24/2005,61879.18
5/25/2005,62259.19
5/26/2005,62210.03
5/27/2005,62417.44
5/31/2005,62816.64
6/1/2005,63539.83
6/2/2005,63745.54
6/3/2005,63937.1
6/6/2005,63907.56
6/7/2005,64127.13
6/8/2005,64125.16
6/9/2005,64464.65
6/10/2005,64443.51
6/13/2005,64398.88
6/14/2005,64206.88
6/15/2005,63768.17
6/16/2005,63748.64
6/17/2005,63840.59
6/20/2005,63948.4
6/21/2005,64135.57
6/22/2005,64591.7
6/23/2005,65099.98
6/24/2005,65115.19
6/27/2005,65413.13
6/28/2005,64782.63
6/29/2005,64716.02
6/30/2005,64816.23
7/1/2005,65294.66
7/5/2005,64873.38
7/6/2005,65302.18
7/7/2005,65572.97
7/8/2005,65420.76
7/11/2005,64938.26
7/12/2005,64734.31
7/13/2005,64710.87
7/14/2005,64131.31
7/15/2005,64147.52
7/18/2005,63978.71
7/19/2005,64236.44
7/20/2005,64034.7
7/21/2005,63560.61
7/22/2005,64595.9
7/25/2005,64847.12
7/26/2005,64741.67
7/27/2005,64504.8
7/28/2005,64717.49
7/29/2005,64571.77
8/1/2005,64572.96
8/2/2005,64537.36
8/3/2005,64054.81
8/4/2005,64212.07
8/5/2005,64167.34
8/8/2005,64435.75
8/9/2005,63936.47
8/10/2005,64368.55
8/11/2005,64722.33
8/12/2005,65457.42
8/15/2005,65159.64
8/16/2005,65524.27
8/17/2005,64621.17
8/18/2005,64520.46
8/19/2005,64813.73
8/22/2005,64843.94
8/23/2005,65178.02
8/24/2005,65941.26
8/25/2005,65909.38
8/26/2005,65785.38
8/29/2005,66904.61
8/30/2005,68264.95
8/31/2005,68049.9
9/1/2005,68510.66
9/2/2005,68065.76
9/6/2005,67628.71
9/7/2005,67259.21
9/8/2005,67651.11
9/9/2005,67643.18
9/12/2005,67432.14
9/13/2005,67493.96
9/14/2005,68067.97
9/15/2005,68265.79
9/16/2005,67758.78
9/19/2005,70040.59
9/20/2005,69778.75
9/21/2005,69812.23
9/22/2005,70067.28
9/23/2005,69465.82
9/26/2005,70067.86
9/27/2005,70497.55
9/28/2005,71322.49
9/29/2005,71160.48
9/30/2005,70823.42
10/3/2005,70730.4
10/4/2005,70781.96
10/5/2005,70261.54
10/6/2005,69029.26
10/7/2005,69734.9
10/10/2005,69860.15
10/11/2005,70541
10/12/2005,69833.3
10/13/2005,69158.34
10/14/2005,68507.89
10/17/2005,69512.71
10/18/2005,69580.08
10/19/2005,69093.37
10/20/2005,68284.84
10/21/2005,68858.65
10/24/2005,68475.72
10/25/2005,69176.09
10/26/2005,68934.3
10/27/2005,68541.61
10/28/2005,68840.82
10/31/2005,68196.57
11/1/2005,68048.38
11/2/2005,67704.83
11/3/2005,68425.26
11/4/2005,68770.9
11/7/2005,68692.06
11/8/2005,68608.85
11/9/2005,68386.17
11/10/2005,68546.35
11/11/2005,68383.6
11/14/2005,68595.65
11/15/2005,68609.79
11/16/2005,69834.89
11/17/2005,69369.08
11/18/2005,69317.92
11/21/2005,69491.6
11/22/2005,69581.73
11/23/2005,69868.63
11/25/2005,70279.15
11/28/2005,69666.77
11/29/2005,70056.04
11/30/2005,70302.03
12/1/2005,71231.75
12/2/2005,71388.24
12/5/2005,71286.55
12/6/2005,71272.38
12/7/2005,71999.65
12/8/2005,72117.75
12/9/2005,71773.86
12/12/2005,71374.09
12/13/2005,71580.82
12/14/2005,70492.04
12/15/2005,70554.83
12/16/2005,70630.1
12/19/2005,70676.52
12/20/2005,71084.35
12/21/2005,71215.08
12/22/2005,70800.31
12/23/2005,70666.07
12/27/2005,70264.02
12/28/2005,70858.08
12/29/2005,70869.35
12/30/2005,70754.94
1/3/2006,69289.26
1/4/2006,69292.31
1/5/2006,68893.72
1/6/2006,68925.96
1/9/2006,69201.99
1/10/2006,69179.71
1/11/2006,68960.4
1/12/2006,69284.85
1/13/2006,69276.77
1/17/2006,70215.81
1/18/2006,70246.34
1/19/2006,70519.62
1/20/2006,70575.55
1/23/2006,70020.67
1/24/2006,70046.62
1/25/2006,69900.75
1/26/2006,70159.64
1/27/2006,70632.97
1/30/2006,70650.69
1/31/2006,70344.52
2/1/2006,70745.28
2/2/2006,70515.71
2/3/2006,70598.9
2/6/2006,71086.65
2/7/2006,70510.71
2/8/2006,70673.33
2/9/2006,70634.4
2/10/2006,70446.59
2/13/2006,70247.83
2/14/2006,70477.73
2/15/2006,70088.84
2/16/2006,69976.64
2/17/2006,69755.25
2/21/2006,69904.06
2/22/2006,70533.02
2/23/2006,69882.33
2/24/2006,70134.34
2/27/2006,70116.81
2/28/2006,69876.77
3/1/2006,70132.9
3/2/2006,69644.68
3/3/2006,69682.27
3/6/2006,70530.08
3/7/2006,70927.82
3/8/2006,70775.97
3/9/2006,70508.45
3/10/2006,71006.86
3/13/2006,70577.19
3/14/2006,69210.85
3/15/2006,69676.04
3/16/2006,68990.68
3/17/2006,69644.98
3/20/2006,70420.25
3/21/2006,70624.65
3/22/2006,70764.18
3/23/2006,70838.54
3/24/2006,70634.76
3/27/2006,70908.58
3/28/2006,71065.98
3/29/2006,71126.16
3/30/2006,70742.8
3/31/2006,70931.56
4/3/2006,71582.71
4/4/2006,71387.77
4/5/2006,70868.48
4/6/2006,71190.53
4/7/2006,71697.15
4/10/2006,71652.21
4/11/2006,71133.89
4/12/2006,71433.26
4/13/2006,71575.21
4/17/2006,70947.38
4/18/2006,70479.11
4/19/2006,70170.9
4/20/2006,70685.75
4/21/2006,71055.93
4/24/2006,70815.48
4/25/2006,71782.78
4/26/2006,72091.04
4/27/2006,71842.64
4/28/2006,71694.58
5/1/2006,71999.18
5/2/2006,72265.89
5/3/2006,72074.4
5/4/2006,71752.86
5/5/2006,71835.84
5/8/2006,71696.14
5/9/2006,72405.7
5/10/2006,72726.66
5/11/2006,73652.7
5/12/2006,73048.1
5/15/2006,71531.83
5/16/2006,71450.92
5/17/2006,70851.26
5/18/2006,70763.76
5/19/2006,70205.28
5/22/2006,70084.84
5/23/2006,71359.05
5/24/2006,69998.75
5/25/2006,70790.2
5/26/2006,70493.33
5/30/2006,71253.99
5/31/2006,70487.86
6/1/2006,69800.19
6/2/2006,70086.95
6/5/2006,70290.62
6/6/2006,69652.96
6/7/2006,69674.42
6/8/2006,68284.44
6/9/2006,68668.44
6/12/2006,68277.32
6/13/2006,66518.9
6/14/2006,66545.94
6/15/2006,66666.91
6/16/2006,66777.51
6/19/2006,66606.44
6/20/2006,67535.4
6/21/2006,68230.66
6/22/2006,68304.81
6/23/2006,68516.6
6/26/2006,69356.81
6/27/2006,68845.29
6/28/2006,69091.79
6/29/2006,69570.68
6/30/2006,69767.94
7/3/2006,69932.68
7/5/2006,70914.79
7/6/2006,70989.34
7/7/2006,70564.54
7/10/2006,69813.61
7/11/2006,69761.13
7/12/2006,69791.11
7/13/2006,70067.99
7/14/2006,69681.21
7/17/2006,69463.61
7/18/2006,69562.92
7/19/2006,69317.12
7/20/2006,68856.91
7/21/2006,68809.63
7/24/2006,68331.35
7/25/2006,68280.56
7/26/2006,68281.82
7/27/2006,68248.69
7/28/2006,68016.45
7/31/2006,67482.86
8/1/2006,68429.82
8/2/2006,68409.13
8/3/2006,68585.49
8/4/2006,68681.31
8/7/2006,69243.35
8/8/2006,68925.98
8/9/2006,68817.26
8/10/2006,68018.7
8/11/2006,68357.34
8/14/2006,68516.73
8/15/2006,68419.67
8/16/2006,68337.75
8/17/2006,67693.86
8/18/2006,67595.38
8/21/2006,68074.8
8/22/2006,67501.56
8/23/2006,67348.73
8/24/2006,67026.28
8/25/2006,67021.24
8/28/2006,67178.11
8/29/2006,67452.45
8/30/2006,67520.6
8/31/2006,67393.66
9/1/2006,67665.36
9/5/2006,68019.38
9/6/2006,68332.74
9/7/2006,67802.22
9/8/2006,67324.27
9/11/2006,67686.57
9/12/2006,68209.44
9/13/2006,67833.39
9/14/2006,68314.93
9/15/2006,68027.94
9/18/2006,68401.86
9/19/2006,68358.79
9/20/2006,68718.62
9/21/2006,68999.03
9/22/2006,69561.19
9/25/2006,69855.39
9/26/2006,69721.78
9/27/2006,69573.14
9/28/2006,69223.63
9/29/2006,68864.34
10/2/2006,69408.51
10/3/2006,69744.4
10/4/2006,68960.5
10/5/2006,68678.55
10/6/2006,68801.27
10/9/2006,68354.86
10/10/2006,68623.22
10/11/2006,69163.55
10/12/2006,69103.19
10/13/2006,68846.75
10/16/2006,68400.85
10/17/2006,68051.44
10/18/2006,68444.42
10/19/2006,68128.19
10/20/2006,68249.43
10/23/2006,68477.42
10/24/2006,68367.8
10/25/2006,67700.78
10/26/2006,68225.2
10/27/2006,68398.5
10/30/2006,69171.15
10/31/2006,68774.99
11/1/2006,68807.17
11/2/2006,69170.73
11/3/2006,68768.61
11/6/2006,68732.71
11/7/2006,69038.73
11/8/2006,68643.75
11/9/2006,67970.87
11/10/2006,68143.71
11/13/2006,68277.26
11/14/2006,68504.97
11/15/2006,68027.61
11/16/2006,68372.92
11/17/2006,68362.77
11/20/2006,68582.91
11/21/2006,68391.34
11/22/2006,69115.04
11/24/2006,69528.43
11/27/2006,69376.27
11/28/2006,69108.32
11/29/2006,68361.98
11/30/2006,68870
12/1/2006,69140.7
12/4/2006,69583.76
12/5/2006,69662.65
12/6/2006,69103.44
12/7/2006,69315.59
12/8/2006,68983.67
12/11/2006,69656.91
12/12/2006,69812.9
12/13/2006,69409.58
12/14/2006,69185.97
12/15/2006,68606.62
12/18/2006,68641.15
12/19/2006,68983.24
12/20/2006,68893.64
12/21/2006,69381.37
12/22/2006,69598.7
12/26/2006,70483.74
12/27/2006,70354.6
12/28/2006,70306.45
12/29/2006,70221.23
1/3/2007,70420.92
1/4/2007,70602.31
1/5/2007,70160.27
1/8/2007,69977.36
1/9/2007,69755.38
1/10/2007,69829.16
1/11/2007,71073.51
1/12/2007,71537.27
1/16/2007,72000.07
1/17/2007,72528.32
1/18/2007,73015.13
1/19/2007,72107.58
1/22/2007,71969.32
1/23/2007,71541.9
1/24/2007,70942.45
1/25/2007,71481.42
1/26/2007,70929.22
1/29/2007,71612.08
1/30/2007,70406.99
1/31/2007,70286.5
2/1/2007,70601.38
2/2/2007,70758.64
2/5/2007,70656.31
2/6/2007,70501.71
2/7/2007,70918.15
2/8/2007,70484.24
2/9/2007,70318.61
2/12/2007,71313.36
2/13/2007,70673.1
2/14/2007,71003.11
2/15/2007,70316.85
2/16/2007,70222.52
2/20/2007,70747.55
2/21/2007,70746.68
2/22/2007,70283.17
2/23/2007,69908.35
2/26/2007,69836.17
2/27/2007,69296.03
2/28/2007,69570.22
3/1/2007,68761.66
3/2/2007,68463.17
3/5/2007,68740.09
3/6/2007,68451.54
3/7/2007,68578.96
3/8/2007,68722.72
3/9/2007,69165.56
3/12/2007,69398.34
3/13/2007,69193.08
3/14/2007,68938.93
3/15/2007,69073.89
3/16/2007,69131.29
3/19/2007,69274.14
3/20/2007,69515.85
3/21/2007,69642.01
3/22/2007,69097.74
3/23/2007,68760.46
3/26/2007,68431.11
3/27/2007,68172.72
3/28/2007,67787.01
3/29/2007,67793.44
3/30/2007,67400.93
4/2/2007,67748.97
4/3/2007,67630.6
4/4/2007,67534.46
4/5/2007,67409.46
4/9/2007,67165.53
4/10/2007,67115.47
4/11/2007,66811.2
4/12/2007,66515.67
4/13/2007,66781.84
4/16/2007,67139.32
4/17/2007,67390.42
4/18/2007,67443.63
4/19/2007,67447.16
4/20/2007,67323.36
4/23/2007,66977.26
4/24/2007,67219.71
4/25/2007,67244.77
4/26/2007,67024.33
4/27/2007,67103.59
4/30/2007,67284.7
5/1/2007,67682.42
5/2/2007,67756.55
5/3/2007,67753.93
5/4/2007,67900.58
5/7/2007,67906.62
5/8/2007,67597.16
5/9/2007,67580.1
5/10/2007,67208.51
5/11/2007,67595.4
5/14/2007,67533.09
5/15/2007,68146.31
5/16/2007,67956.08
5/17/2007,67452.68
5/18/2007,67531.9
5/21/2007,67704.12
5/22/2007,67346.92
5/23/2007,67495.65
5/24/2007,67401.35
5/25/2007,67554.91
5/29/2007,67442.33
5/30/2007,67647.01
5/31/2007,68141.28
6/1/2007,68543.4
6/4/2007,68466.55
6/5/2007,68710.57
6/6/2007,68348.35
6/7/2007,68790.35
6/8/2007,68824.89
6/11/2007,69253.87
6/12/2007,69431.63
6/13/2007,69788.73
6/14/2007,69923.91
6/15/2007,70190.42
6/18/2007,70152.64
6/19/2007,69711.44
6/20/2007,70200.99
6/21/2007,69922.73
6/22/2007,69719.55
6/25/2007,69666.31
6/26/2007,69612.91
6/27/2007,68954.91
6/28/2007,69786.77
6/29/2007,69628.17
7/2/2007,69888.79
7/3/2007,69745.92
7/5/2007,70659.03
7/6/2007,71263.84
7/9/2007,71283.71
7/10/2007,70744.17
7/11/2007,70753.42
7/12/2007,71290.09
7/13/2007,71186.54
7/16/2007,70550.94
7/17/2007,70534.48
7/18/2007,70592.95
7/19/2007,70643.82
7/20/2007,70243.87
7/23/2007,70231.26
7/24/2007,70382.24
7/25/2007,69950.83
7/26/2007,68934.6
7/27/2007,68430.42
7/30/2007,68042.76
7/31/2007,68650.67
8/1/2007,68025.17
8/2/2007,68630.34
8/3/2007,68378.16
8/6/2007,67761.89
8/7/2007,67846.15
8/8/2007,68627.58
8/9/2007,67574.13
8/10/2007,67277.29
8/13/2007,67315.68
8/14/2007,66705.04
8/15/2007,66249.77
8/16/2007,64258.73
8/17/2007,64928.3
8/20/2007,65587.26
8/21/2007,65192.78
8/22/2007,65964.14
8/23/2007,66483.88
8/24/2007,67403.17
8/27/2007,67626.5
8/28/2007,67267.64
8/29/2007,68010.67
8/30/2007,68160.66
8/31/2007,68397.78
9/4/2007,68833.04
9/5/2007,69077.56
9/6/2007,69333.83
9/7/2007,69554.85
9/10/2007,69825.42
9/11/2007,70509.87
9/12/2007,70471.59
9/13/2007,70728.54
9/14/2007,70421.58
9/17/2007,70481.15
9/18/2007,71295.25
9/19/2007,71334.61
9/20/2007,72016.87
9/21/2007,71968.32
9/24/2007,72025.69
9/25/2007,71947.18
9/26/2007,72169.8
9/27/2007,72919.83
9/28/2007,73276.87
10/1/2007,73131.44
10/2/2007,72263.29
10/3/2007,72443.84
10/4/2007,72767.2
10/5/2007,73058.45
10/8/2007,72412.3
10/9/2007,72335.11
10/10/2007,72854.37
10/11/2007,73737.33
10/12/2007,73624.46
10/15/2007,73652
10/16/2007,73430.94
10/17/2007,73266.57
10/18/2007,73798.22
10/19/2007,73884.73
10/22/2007,73032.91
10/23/2007,73577.34
10/24/2007,73594.29
10/25/2007,74314.93
10/26/2007,74899.35
10/29/2007,75558.81
10/30/2007,74988.57
10/31/2007,75976.74
11/1/2007,75162.72
11/2/2007,76168.48
11/5/2007,76087.05
11/6/2007,77097.07
11/7/2007,77680.05
11/8/2007,77122.98
11/9/2007,77178.92
11/12/2007,75753.02
11/13/2007,75344.56
11/14/2007,76080.96
11/15/2007,75746.71
11/16/2007,76129.94
11/19/2007,76445.11
11/20/2007,77700.37
11/21/2007,77925.65
11/23/2007,78395.13
11/26/2007,78721.07
11/27/2007,77924.71
11/28/2007,77426.64
11/29/2007,77479.27
11/30/2007,76425.82
12/3/2007,77191.62
12/4/2007,77511.84
12/5/2007,76571.08
12/6/2007,76601.21
12/7/2007,76025.97
12/10/2007,76032.27
12/11/2007,76374.2
12/12/2007,76810.23
12/13/2007,76281.53
12/14/2007,75350.2
12/17/2007,75568.48
12/18/2007,75368.68
12/19/2007,75659.96
12/20/2007,75532.06
12/21/2007,75448.29
12/24/2007,75567.45
12/26/2007,76430.71
12/27/2007,76905.63
12/28/2007,77118.85
12/31/2007,77082.67
1/2/2008,78960.03
1/3/2008,79164.78
1/4/2008,79056.43
1/7/2008,77942.41
1/8/2008,78415.71
1/9/2008,78077.92
1/10/2008,77991.2
1/11/2008,78561.27
1/14/2008,79472.75
1/15/2008,79554.24
1/16/2008,78816.01
1/17/2008,79111.34
1/18/2008,79055.11
1/22/2008,78668.51
1/23/2008,78313.31
1/24/2008,78514.02
1/25/2008,78955.93
1/28/2008,80029.41
1/29/2008,79463.15
1/30/2008,79884.69
1/31/2008,80025
2/1/2008,80262.62
2/4/2008,80483.13
2/5/2008,80016.32
2/6/2008,80018.44
2/7/2008,79557.69
2/8/2008,79561.07
2/11/2008,81025.85
2/12/2008,79853.54
2/13/2008,79905.57
2/14/2008,80754.92
2/15/2008,81227.81
2/19/2008,81927.25
2/20/2008,81652.2
2/21/2008,82143.41
2/22/2008,82260.4
2/25/2008,82564.66
2/26/2008,84180.22
2/27/2008,84853.32
2/28/2008,86151.56
2/29/2008,86586.73
3/3/2008,87679.87
3/4/2008,86252.94
3/5/2008,87339.57
3/6/2008,87440.52
3/7/2008,87071.3
3/10/2008,87946.63
3/11/2008,87800.38
3/12/2008,89001.62
3/13/2008,89821.99
3/14/2008,90118.22
3/17/2008,88498.81
3/18/2008,88976.08
3/19/2008,86208.23
3/20/2008,84440.68
3/24/2008,84384.61
3/25/2008,85563.53
3/26/2008,87073.96
3/27/2008,87213.24
3/28/2008,86560.13
3/31/2008,85576.49
4/1/2008,83415.45
4/2/2008,85064.93
4/3/2008,85071.86
4/4/2008,86176.69
4/7/2008,86004.42
4/8/2008,85741.98
4/9/2008,87869.5
4/10/2008,87512.26
4/11/2008,87564.68
4/14/2008,87856.07
4/15/2008,88142.97
4/16/2008,88781.95
4/17/2008,87606.1
4/18/2008,86723.57
4/21/2008,86650.95
4/22/2008,87545.05
4/23/2008,86807.37
4/24/2008,84665.2
4/25/2008,84234.33
4/28/2008,84792
4/29/2008,83725.96
4/30/2008,84046.54
5/1/2008,82464.11
5/2/2008,82817.9
5/5/2008,84069.69
5/6/2008,84661.8
5/7/2008,84770.06
5/8/2008,85307.72
5/9/2008,86948.69
5/12/2008,86282.83
5/13/2008,85882.81
5/14/2008,84946.05
5/15/2008,85171.39
5/16/2008,86182.84
5/19/2008,85835.33
5/20/2008,87317.33
5/21/2008,88570.3
5/22/2008,87430.92
5/23/2008,88380.51
5/27/2008,86998.69
5/28/2008,86963.98
5/29/2008,85145.26
5/30/2008,85635.01
6/2/2008,86437.43
6/3/2008,86531.91
6/4/2008,86192.27
6/5/2008,87117.59
6/6/2008,89304.18
6/9/2008,88335.77
6/10/2008,86820.8
6/11/2008,87901.32
6/12/2008,87449.09
6/13/2008,87247.25
6/16/2008,87368.42
6/17/2008,87296.8
6/18/2008,87761.64
6/19/2008,87048.26
6/20/2008,87527.74
6/23/2008,87256.13
6/24/2008,87478.69
6/25/2008,87201.9
6/26/2008,88572.15
6/27/2008,89104.29
6/30/2008,89241.02
7/1/2008,89556.36
7/2/2008,90592.98
7/3/2008,89908.18
7/7/2008,88488.91
7/8/2008,86566.24
7/9/2008,86741.65
7/10/2008,87827.65
7/11/2008,88234.81
7/14/2008,88397.75
7/15/2008,87246.17
7/16/2008,86323.46
7/17/2008,84653.54
7/18/2008,84423.08
7/21/2008,84710.51
7/22/2008,83351.88
7/23/2008,81893.75
7/24/2008,81719.78
7/25/2008,81258.42
7/28/2008,81979.02
7/29/2008,80888.38
7/30/2008,81179.89
7/31/2008,81017.99
8/1/2008,80490.61
8/4/2008,79199.68
8/5/2008,77982.49
8/6/2008,77361.37
8/7/2008,77269.33
8/8/2008,75760.58
8/11/2008,74946.7
8/12/2008,74675.94
8/13/2008,74945.51
8/14/2008,74687.29
8/15/2008,74418.62
8/18/2008,74501.95
8/19/2008,74921.26
8/20/2008,74924.75
8/21/2008,75381.38
8/22/2008,74955.86
8/25/2008,75310.47
8/26/2008,75565.83
8/27/2008,75805.79
8/28/2008,75725.38
8/29/2008,75676.21
9/2/2008,76152.89
9/3/2008,75940.03
9/4/2008,75980.92
9/5/2008,76403.28
9/8/2008,76403.85
9/9/2008,76262.94
9/10/2008,76640.66
9/11/2008,76785.85
9/12/2008,75240.79
9/15/2008,75407.49
9/16/2008,75954.34
9/17/2008,74444.31
9/18/2008,74345.93
9/19/2008,72328.25
9/22/2008,70167.62
9/23/2008,70562.03
9/24/2008,71349.91
9/25/2008,70981.91
9/26/2008,71657.65
9/29/2008,75022.8
9/30/2008,75534.51
10/1/2008,75858.19
10/2/2008,79246.67
10/3/2008,79568.06
10/6/2008,85741.01
10/7/2008,84349.12
10/8/2008,84906.16
10/9/2008,84214.46
10/10/2008,88391.34
10/13/2008,85321.63
10/14/2008,84930.88
10/15/2008,87757.67
10/16/2008,88874.5
10/17/2008,87375.8
10/20/2008,87425.9
10/21/2008,89263.97
10/22/2008,93327.86
10/23/2008,94434.14
10/24/2008,97048.97
10/27/2008,97104.1
10/28/2008,95760.24
10/29/2008,91239.72
10/30/2008,91843.87
10/31/2008,91772.25
11/3/2008,92420.82
11/4/2008,87560.22
11/5/2008,90873.13
11/6/2008,95440.63
11/7/2008,95466.08
11/10/2008,94522.23
11/11/2008,97899.95
11/12/2008,101207.1
11/13/2008,100273
11/14/2008,99156.23
11/17/2008,100641.05
11/18/2008,102416.34
11/19/2008,103272.11
11/20/2008,108179.65
11/21/2008,107908.53
11/24/2008,101786.97
11/25/2008,103402.19
11/26/2008,102985.72
11/28/2008,103794.22
12/1/2008,109002.31
12/2/2008,111266.29
12/3/2008,112898.66
12/4/2008,115792.72
12/5/2008,118889.26
12/8/2008,113363.92
12/9/2008,115009.25
12/10/2008,112612.06
12/11/2008,109270.08
12/12/2008,110215.36
12/15/2008,110046.94
12/16/2008,107989.97
12/17/2008,108006.62
12/18/2008,109768.07
12/19/2008,112367.94
12/22/2008,112770.57
12/23/2008,112473.21
12/24/2008,112947.38
12/26/2008,110331.2
12/29/2008,110891.06
12/30/2008,110978.61
12/31/2008,107249.88
1/2/2009,105142.93
1/5/2009,102795.09
1/6/2009,99434.58
1/7/2009,103538.55
1/8/2009,104804.66
1/9/2009,105642.22
1/12/2009,111030.67
1/13/2009,111937.86
1/14/2009,113835.98
1/15/2009,113569.25
1/16/2009,111266.13
1/20/2009,114759.77
1/21/2009,113333.64
1/22/2009,113841.92
1/23/2009,110980.4
1/26/2009,109066.73
1/27/2009,111431.09
1/28/2009,109729.33
1/29/2009,110197.02
1/30/2009,110447.28
2/2/2009,113244.98
2/3/2009,111196.78
2/4/2009,111089.4
2/5/2009,109210.83
2/6/2009,106928.09
2/9/2009,106235.77
2/10/2009,110747.05
2/11/2009,112302.73
2/12/2009,115111.54
2/13/2009,113124.57
2/17/2009,119931.06
2/18/2009,120805.03
2/19/2009,118031.42
2/20/2009,119236.1
2/23/2009,119603.84
2/24/2009,117098.65
2/25/2009,116222.15
2/26/2009,113232.05
2/27/2009,114652.82
3/2/2009,120050.52
3/3/2009,117956.73
3/4/2009,113548.83
3/5/2009,118307.4
3/6/2009,118028.73
3/9/2009,118625.43
3/10/2009,117529.17
3/11/2009,119445.42
3/12/2009,116907.2
3/13/2009,117005.69
3/16/2009,114395.71
3/17/2009,112727.4
3/18/2009,113104.14
3/19/2009,109133.84
3/20/2009,108985.08
3/23/2009,105761.33
3/24/2009,104700.1
3/25/2009,106368.88
3/26/2009,106116.33
3/27/2009,109149.72
3/30/2009,113703.34
3/31/2009,110231.03
4/1/2009,111432.31
4/2/2009,105344.85
4/3/2009,102969.84
4/6/2009,104030.4
4/7/2009,105728.79
4/8/2009,106243.88
4/9/2009,104802
4/13/2009,103643.93
4/14/2009,104028.71
4/15/2009,104478.84
4/16/2009,104221.55
4/17/2009,103753.83
4/20/2009,109633.88
4/21/2009,108400.4
4/22/2009,107627.17
4/23/2009,106793.71
4/24/2009,104980.89
4/27/2009,108315.48
4/28/2009,107939.81
4/29/2009,104774.75
4/30/2009,103649.37
5/1/2009,100641.14
5/4/2009,99195.41
5/5/2009,99915.87
5/6/2009,97200.23
5/7/2009,95860.25
5/8/2009,92476.06
5/11/2009,93943.78
5/12/2009,93231.79
5/13/2009,95180.49
5/14/2009,94516.87
5/15/2009,97015.67
5/18/2009,94487.16
5/19/2009,93523.76
5/20/2009,91794.46
5/21/2009,92704.98
5/22/2009,90967.57
5/26/2009,90204.22
5/27/2009,88949.87
5/28/2009,87230.49
5/29/2009,87006.9
6/1/2009,83716.24
6/2/2009,83717.2
6/3/2009,85932.77
6/4/2009,84370.54
6/5/2009,83797.56
6/8/2009,84326.02
6/9/2009,83795.36
6/10/2009,83244.66
6/11/2009,82785.07
6/12/2009,83058.72
6/15/2009,82874.99
6/16/2009,83372.54
6/17/2009,83798.41
6/18/2009,83540.73
6/19/2009,84611.11
6/22/2009,85304.67
6/23/2009,85866.79
6/24/2009,85800.78
6/25/2009,85904.5
6/26/2009,86501.78
6/29/2009,86134.53
6/30/2009,86814.67
7/1/2009,87525.47
7/2/2009,88256.53
7/6/2009,89108.54
7/7/2009,88946.75
7/8/2009,89820.29
7/9/2009,90022.5
7/10/2009,90181.57
7/13/2009,90338.47
7/14/2009,89743.21
7/15/2009,89775.31
7/16/2009,89355.94
7/17/2009,88334.57
7/20/2009,88743.05
7/21/2009,89044.91
7/22/2009,89169.87
7/23/2009,87810.08
7/24/2009,87905.16
7/27/2009,87799.8
7/28/2009,88413.56
7/29/2009,88549.28
7/30/2009,87928.92
7/31/2009,89036.02
8/3/2009,88234.74
8/4/2009,88502.47
8/5/2009,88793.55
8/6/2009,89491.55
8/7/2009,89367.35
8/10/2009,89145.96
8/11/2009,89590.38
8/12/2009,90653.97
8/13/2009,91195.61
8/14/2009,91152.81
8/17/2009,90974.72
8/18/2009,91157.17
8/19/2009,91714.43
8/20/2009,91820.98
8/21/2009,92747.91
8/24/2009,92486.07
8/25/2009,92902.4
8/26/2009,92499.05
8/27/2009,93327.37
8/28/2009,93977.45
8/31/2009,94126.51
9/1/2009,93858.38
9/2/2009,94589.64
9/3/2009,94874.88
9/4/2009,95116.74
9/8/2009,95632.31
9/9/2009,95285.36
9/10/2009,95563.96
9/11/2009,96169.67
9/14/2009,95770.29
9/15/2009,95206.15
9/16/2009,95507.7
9/17/2009,95881.53
9/18/2009,94793.41
9/21/2009,94513.28
9/22/2009,95232.01
9/23/2009,94772.53
9/24/2009,93417.59
9/25/2009,94258.79
9/28/2009,94373.72
9/29/2009,94631.65
9/30/2009,95515.2
10/1/2009,95496.15
10/2/2009,95442.34
10/5/2009,96071.86
10/6/2009,96414.26
10/7/2009,96112.04
10/8/2009,96738.38
10/9/2009,95219.53
10/12/2009,95332.19
10/13/2009,95940.44
10/14/2009,96197.95
10/15/2009,96591.43
10/16/2009,96345.47
10/19/2009,96669.39
10/20/2009,96122.24
10/21/2009,96669.43
10/22/2009,95796.27
10/23/2009,95360.02
10/26/2009,94890.33
10/27/2009,95840.78
10/28/2009,94852.58
10/29/2009,96269.52
10/30/2009,95545.48
11/2/2009,95834.61
11/3/2009,96185.75
11/4/2009,96998.04
11/5/2009,96070.3
11/6/2009,96037.54
11/9/2009,97289.31
11/10/2009,97442.67
11/11/2009,97728.91
11/12/2009,96916.43
11/13/2009,97060.33
11/16/2009,98575.37
11/17/2009,98302.8
11/18/2009,98927.22
11/19/2009,98066.12
11/20/2009,97542.88
11/23/2009,98351.45
11/24/2009,98571.32
11/25/2009,99784.04
11/27/2009,98541.65
11/30/2009,99522.42
12/1/2009,101047.79
12/2/2009,100581.93
12/3/2009,100792.7
12/4/2009,98040.36
12/7/2009,97834.29
12/8/2009,96766.44
12/9/2009,96656.14
12/10/2009,95946.16
12/11/2009,95234.69
12/14/2009,95760.84
12/15/2009,94523.64
12/16/2009,95646.9
12/17/2009,94587.94
12/18/2009,94541.33
12/21/2009,93301.36
12/22/2009,92773.41
12/23/2009,93563.24
12/24/2009,94490.46
12/28/2009,94408.51
12/29/2009,94518.86
12/30/2009,94757.16
12/31/2009,95118.94
1/4/2010,96043.89
1/5/2010,96550.4
1/6/2010,96827.12
1/7/2010,96202.36
1/8/2010,96575.98
1/11/2010,97153.26
1/12/2010,96520.97
1/13/2010,96666
1/14/2010,97090.14
1/15/2010,95866.65
1/19/2010,96799.4
1/20/2010,95284.93
1/21/2010,94385.31
1/22/2010,93621.53
1/25/2010,94425.15
1/26/2010,94170.82
1/27/2010,93337.73
1/28/2010,93217.28
1/29/2010,92520.28
2/1/2010,92685.01
2/2/2010,93441.47
2/3/2010,92831.46
2/4/2010,90816.15
2/5/2010,89504.14
2/8/2010,89959.08
2/9/2010,91136.88
2/10/2010,90673.23
2/11/2010,91785.45
2/12/2010,91332.16
2/16/2010,92722.84
2/17/2010,92354.59
2/18/2010,93290.2
2/19/2010,93533.1
2/22/2010,92985.65
2/23/2010,92813.55
2/24/2010,92917.92
2/25/2010,92812.93
2/26/2010,93392.91
3/1/2010,93775.11
3/2/2010,94428.28
3/3/2010,94219.16
3/4/2010,94335.72
3/5/2010,94705.99
3/8/2010,94646.07
3/9/2010,94677.82
3/10/2010,94380.96
3/11/2010,94352.04
3/12/2010,93895.27
3/15/2010,93782.87
3/16/2010,94146.84
3/17/2010,94447.8
3/18/2010,94783.9
3/19/2010,94340.06
3/22/2010,94529.63
3/23/2010,94841.6
3/24/2010,93945.19
3/25/2010,94208.49
3/26/2010,93935.73
3/29/2010,94851.18
3/30/2010,94795.79
3/31/2010,95893
4/1/2010,95973.01
4/5/2010,96152.78
4/6/2010,96497.39
4/7/2010,96242.63
4/8/2010,96754.36
4/9/2010,96066.85
4/12/2010,95658.33
4/13/2010,95183.88
4/14/2010,95092.43
4/15/2010,95579.7
4/16/2010,95179.63
4/19/2010,95285.77
4/20/2010,95643.4
4/21/2010,95740.89
4/22/2010,95588.5
4/23/2010,95981
4/26/2010,96168.21
4/27/2010,96141.56
4/28/2010,96840.71
4/29/2010,97102.68
4/30/2010,97334.35
5/3/2010,97832.88
5/4/2010,97070.56
5/5/2010,96840.83
5/6/2010,96057.6
5/7/2010,96157.28
5/10/2010,96575.27
5/11/2010,96957.63
5/12/2010,96669.44
5/13/2010,97058.7
5/14/2010,97198.52
5/17/2010,96228.34
5/18/2010,96430.68
5/19/2010,95844.79
5/20/2010,94999.51
5/21/2010,94851.68
5/24/2010,95894.71
5/25/2010,96169.23
5/26/2010,96036.54
5/27/2010,95409.62
5/28/2010,96455.69
6/1/2010,96691.27
6/2/2010,96906.32
6/3/2010,95881.45
6/4/2010,97196.37
6/7/2010,97352.9
6/8/2010,97563.88
6/9/2010,96585.23
6/10/2010,95259.9
6/11/2010,95536.86
6/14/2010,93527.78
6/15/2010,92614.08
6/16/2010,92487.46
6/17/2010,92575.5
6/18/2010,92619.22
6/21/2010,92322.4
6/22/2010,93279.14
6/23/2010,93559.42
6/24/2010,93714.05
6/25/2010,92895.79
6/28/2010,93823.44
6/29/2010,95513.83
6/30/2010,94403.03
7/1/2010,93436.58
7/2/2010,92997.96
7/6/2010,93060.99
7/7/2010,91603.83
7/8/2010,90776.4
7/9/2010,91240.56
7/12/2010,91688.67
7/13/2010,90717.3
7/14/2010,90478.3
7/15/2010,89271.6
7/16/2010,90045.99
7/19/2010,89951.16
7/20/2010,90077.87
7/21/2010,90367.81
7/22/2010,88898.59
7/23/2010,88458.12
7/26/2010,88241.05
7/27/2010,87876.58
7/28/2010,87632.28
7/29/2010,87237.64
7/30/2010,87684.72
8/2/2010,87253.7
8/3/2010,87688.27
8/4/2010,87600.46
8/5/2010,88765.57
8/6/2010,89019.37
8/9/2010,89158.36
8/10/2010,89012.17
8/11/2010,89958.83
8/12/2010,90325.06
8/13/2010,90271.94
8/16/2010,91051.86
8/17/2010,90636.01
8/18/2010,90882.2
8/19/2010,91346.49
8/20/2010,91280.04
8/23/2010,91698.18
8/24/2010,92201.51
8/25/2010,91862.06
8/26/2010,92392.69
8/27/2010,91879.62
8/30/2010,92538.37
8/31/2010,92922.38
9/1/2010,92361.9
9/2/2010,92251.7
9/3/2010,92228.31
9/7/2010,93151.9
9/8/2010,92400.28
9/9/2010,92264.84
9/10/2010,91409.43
9/13/2010,91781.91
9/14/2010,92500.89
9/15/2010,91654.12
9/16/2010,91253.3
9/17/2010,92505.06
9/20/2010,92488.31
9/21/2010,92789.75
9/22/2010,93882.36
9/23/2010,93856.36
9/24/2010,94218.26
9/27/2010,94969.93
9/28/2010,95105.89
9/29/2010,94568.77
9/30/2010,93406.12
10/1/2010,92152.12
10/4/2010,92357.62
10/5/2010,93117.29
10/6/2010,93383.52
10/7/2010,94185.02
10/8/2010,96573.72
10/11/2010,97055.34
10/12/2010,98073.63
10/13/2010,97853.44
10/14/2010,98100.73
10/15/2010,97544.2
10/18/2010,97701.03
10/19/2010,96213.96
10/20/2010,97743.6
10/21/2010,97026.68
10/22/2010,96708.07
10/25/2010,97911.63
10/26/2010,96498.49
10/27/2010,95584.94
10/28/2010,96676.85
10/29/2010,97089.91
11/1/2010,97421.97
11/2/2010,98189.96
11/3/2010,98471.16
11/4/2010,101245.49
11/5/2010,100780.15
11/8/2010,100220.28
11/9/2010,99793.3
11/10/2010,99310.54
11/11/2010,98181.33
11/12/2010,95544.66
11/15/2010,95057
11/16/2010,92239.66
11/17/2010,91949.19
11/18/2010,93074.79
11/19/2010,91862.05
11/22/2010,91931.23
11/23/2010,91887.04
11/24/2010,92129.49
11/26/2010,91235.78
11/29/2010,91646.44
11/30/2010,91828.44
12/1/2010,92934.38
12/2/2010,93154.69
12/3/2010,95039.09
12/6/2010,95216.57
12/7/2010,93587.34
12/8/2010,92837.25
12/9/2010,93317.39
12/10/2010,93136.11
12/13/2010,94662.84
12/14/2010,94164.65
12/15/2010,93336.74
12/16/2010,93504.27
12/17/2010,94718.16
12/20/2010,95337.42
12/21/2010,96041.52
12/22/2010,96522.91
12/23/2010,97129.5
12/27/2010,97141.78
12/28/2010,97878.25
12/29/2010,98219.14
12/30/2010,97112.28
12/31/2010,99008.37
1/3/2011,98310.16
1/4/2011,96090.18
1/5/2011,96343.53
1/6/2011,95342.52
1/7/2011,95478.9
1/10/2011,96185.53
1/11/2011,96285.53
1/12/2011,97238.69
1/13/2011,97642.18
1/14/2011,97124.61
1/18/2011,97635.33
1/19/2011,97429.11
1/20/2011,95881.43
1/21/2011,96674.43
1/24/2011,96996.12
1/25/2011,96305.88
1/26/2011,97435.66
1/27/2011,97689.87
1/28/2011,98322.68
1/31/2011,99194.73
2/1/2011,100182.18
2/2/2011,100198.52
2/3/2011,99269.34
2/4/2011,98562.69
2/7/2011,98681.21
2/8/2011,98363.59
2/9/2011,99302.9
2/10/2011,98334.04
2/11/2011,98023.54
2/14/2011,98310.52
2/15/2011,97453.12
2/16/2011,98261.19
2/17/2011,99099.04
2/18/2011,99107.83
2/22/2011,97506.55
2/23/2011,98407.68
2/24/2011,98858
2/25/2011,100018.18
2/28/2011,100523.68
3/1/2011,101125.13
3/2/2011,102160.73
3/3/2011,102718.42
3/4/2011,102551.54
3/7/2011,101522.17
3/8/2011,101047.81
3/9/2011,100786.11
3/10/2011,99005.39
3/11/2011,98774.88
3/14/2011,98528.38
3/15/2011,95278
3/16/2011,95046.53
3/17/2011,97512.24
3/18/2011,98323.65
3/21/2011,99113.4
3/22/2011,99431.59
3/23/2011,98839.93
3/24/2011,99695.61
3/25/2011,98879.29
3/28/2011,98234.28
3/29/2011,98530.87
3/30/2011,98597.56
3/31/2011,99847.17
4/1/2011,100207.59
4/4/2011,100788.97
4/5/2011,100956.2
4/6/2011,101345.23
4/7/2011,101479.84
4/8/2011,102855.87
4/11/2011,102301.86
4/12/2011,101123.88
4/13/2011,101068.19
4/14/2011,101297.99
4/15/2011,101352.35
4/18/2011,100729.58
4/19/2011,100958.52
4/20/2011,102468.65
4/21/2011,103258.96
4/25/2011,103327.19
4/26/2011,103422.89
4/27/2011,103504.18
4/28/2011,102781.71
4/29/2011,103855.87
5/2/2011,103066.99
5/3/2011,102195.12
5/4/2011,101399.3
5/5/2011,97934.83
5/6/2011,97102.16
5/9/2011,99140.94
5/10/2011,99730.28
5/11/2011,97006.44
5/12/2011,97035.74
5/13/2011,96450.05
5/16/2011,96334.32
5/17/2011,96819.56
5/18/2011,97899.52
5/19/2011,97832.48
5/20/2011,98358.6
5/23/2011,96609.43
5/24/2011,97186.72
5/25/2011,98075.65
5/26/2011,99021.04
5/27/2011,99967.55
5/31/2011,99958.38
6/1/2011,100073.21
6/2/2011,100324.84
6/3/2011,101229.12
6/6/2011,100333.39
6/7/2011,100896.14
6/8/2011,101124.19
6/9/2011,101472.39
6/10/2011,100979.64
6/13/2011,101114.32
6/14/2011,100904.5
6/15/2011,98993.63
6/16/2011,99398.08
6/17/2011,99707.07
6/20/2011,99589.92
6/21/2011,99859.08
6/22/2011,100072.35
6/23/2011,99043.03
6/24/2011,98857.69
6/27/2011,98588.37
6/28/2011,99177.7
6/29/2011,99814.79
6/30/2011,99698.76
7/1/2011,99509.84
7/5/2011,99950.05
7/6/2011,100508.64
7/7/2011,101713.1
7/8/2011,102814.29
7/11/2011,103072.71
7/12/2011,103876.72
7/13/2011,104597.42
7/14/2011,104231.87
7/15/2011,104763.19
7/18/2011,104507.52
7/19/2011,104808.92
7/20/2011,104722.67
7/21/2011,104996.02
7/22/2011,105926.91
7/25/2011,106169.6
7/26/2011,107399.82
7/27/2011,107234.51
7/28/2011,107218.09
7/29/2011,108623
8/1/2011,108487.63
8/2/2011,109128.8
8/3/2011,108936.76
8/4/2011,107454.49
8/5/2011,107289.68
8/8/2011,107238.82
8/9/2011,108095.75
8/10/2011,109505.41
8/11/2011,108561.17
8/12/2011,108403.27
8/15/2011,109124.17
8/16/2011,109365.26
8/17/2011,111038.99
8/18/2011,111131.93
8/19/2011,111797.72
8/22/2011,111890.8
8/23/2011,111679.71
8/24/2011,110294.48
8/25/2011,110184.67
8/26/2011,111119.79
8/29/2011,110913.99
8/30/2011,111656.67
8/31/2011,110842.37
9/1/2011,111355.03
9/2/2011,112434.24
9/6/2011,110536.7
9/7/2011,110532.78
9/8/2011,109992.37
9/9/2011,110296.86
9/12/2011,109789.93
9/13/2011,109762.18
9/14/2011,109455.22
9/15/2011,109184.95
9/16/2011,109094.32
9/19/2011,109319.51
9/20/2011,109453.53
9/21/2011,108818.29
9/22/2011,108280.18
9/23/2011,107077.04
9/26/2011,106101.42
9/27/2011,105615.68
9/28/2011,105594.61
9/29/2011,105608
9/30/2011,106259.15
10/3/2011,106928.57
10/4/2011,107368.72
10/5/2011,106424.56
10/6/2011,105474.26
10/7/2011,104942.89
10/10/2011,103838.68
10/11/2011,103310.48
10/12/2011,102457.35
10/13/2011,103738.65
10/14/2011,102298.09
10/17/2011,103658.34
10/18/2011,104046.15
10/19/2011,104039.13
10/20/2011,103878.56
10/21/2011,102675.35
10/24/2011,101432.02
10/25/2011,102178.5
10/26/2011,102528.6
10/27/2011,99219.12
10/28/2011,98970.46
10/31/2011,100073.95
11/1/2011,102841.6
11/2/2011,102694.25
11/3/2011,101951.56
11/4/2011,102549.86
11/7/2011,103246.3
11/8/2011,102786.55
11/9/2011,103832.31
11/10/2011,103906.66
11/11/2011,103304.65
11/14/2011,103804.55
11/15/2011,103885.57
11/16/2011,103975.74
11/17/2011,103809.63
11/18/2011,103340.27
11/21/2011,103797.05
11/22/2011,103921.62
11/23/2011,104066.74
11/25/2011,103043.47
11/28/2011,102898.03
11/29/2011,102278
11/30/2011,101923.07
12/1/2011,101874.52
12/2/2011,102269.08
12/5/2011,102438.86
12/6/2011,102468.2
12/7/2011,103317.01
12/8/2011,103913.84
12/9/2011,103736
12/12/2011,104825.09
12/13/2011,105332.09
12/14/2011,106802.15
12/15/2011,106386.51
12/16/2011,106522.45
12/19/2011,106034.33
12/20/2011,104556.75
12/21/2011,104312.83
12/22/2011,103835.29
12/23/2011,103378.88
12/27/2011,102866.19
12/28/2011,103853.39
12/29/2011,104370.36
12/30/2011,104205.17
1/3/2012,102441.1
1/4/2012,102666.37
1/5/2012,104666.12
1/6/2012,104992.05
1/9/2012,104559.27
1/10/2012,104054.44
1/11/2012,105409.21
1/12/2012,105839.95
1/13/2012,106936.11
1/17/2012,106819.23
1/18/2012,106475.48
1/19/2012,105146.08
1/20/2012,104526.92
1/23/2012,102925.43
1/24/2012,102278.19
1/25/2012,102234.02
1/26/2012,102704.32
1/27/2012,102976.45
1/30/2012,104209.28
1/31/2012,104714.8
2/1/2012,104092.81
2/2/2012,103720.32
2/3/2012,102872.83
2/6/2012,102819.31
2/7/2012,102575.94
2/8/2012,102610.28
2/9/2012,102167.21
2/10/2012,103273.56
2/13/2012,103210.74
2/14/2012,103537.92
2/15/2012,104374.99
2/16/2012,103440.3
2/17/2012,102391.96
2/21/2012,102402.86
2/22/2012,102642.38
2/23/2012,102905.68
2/24/2012,102649.44
2/27/2012,103092.4
2/28/2012,102447.1
2/29/2012,102020.37
3/1/2012,102455.66
3/2/2012,102610.57
3/5/2012,102603.88
3/6/2012,103239.82
3/7/2012,103835.6
3/8/2012,103672.5
3/9/2012,103754.8
3/12/2012,103651.78
3/13/2012,103337.4
3/14/2012,102086.28
3/15/2012,101080.65
3/16/2012,100626.65
3/19/2012,100668.05
3/20/2012,100617.1
3/21/2012,101164.86
3/22/2012,101403.76
3/23/2012,101628.16
3/26/2012,101356.56
3/27/2012,101956.89
3/28/2012,102128.72
3/29/2012,102757.09
3/30/2012,102043.26
4/2/2012,102130.72
4/3/2012,101886.98
4/4/2012,102086.27
4/5/2012,103221.07
4/9/2012,103310.74
4/10/2012,104250.83
4/11/2012,104277.09
4/12/2012,104181.34
4/13/2012,105104.12
4/16/2012,104324.06
4/17/2012,104393.36
4/18/2012,104337.19
4/19/2012,104035
4/20/2012,104010
4/23/2012,104153.53
4/24/2012,104136.54
4/25/2012,103840.85
4/26/2012,104157.59
4/27/2012,103511.24
4/30/2012,103007.02
5/1/2012,102895.88
5/2/2012,104126.86
5/3/2012,103304.39
5/4/2012,103197.4
5/7/2012,102873.46
5/8/2012,103227.29
5/9/2012,103520.6
5/10/2012,103513.42
5/11/2012,103623.8
5/14/2012,104295.57
5/15/2012,104133.72
5/16/2012,103037.4
5/17/2012,102428.77
5/18/2012,101166.38
5/21/2012,101528.74
5/22/2012,101911.13
5/23/2012,102945
5/24/2012,103502.53
5/25/2012,103738.48
5/29/2012,104519.69
5/30/2012,106028.86
5/31/2012,106329.19
6/1/2012,107554.71
6/4/2012,106439.42
6/5/2012,106553.77
6/6/2012,104342.14
6/7/2012,104396.31
6/8/2012,105385.83
6/11/2012,105781.33
6/12/2012,105246.88
6/13/2012,105125.21
6/14/2012,103719.74
6/15/2012,103450.83
6/18/2012,103038.05
6/19/2012,101775.35
6/20/2012,102267.22
6/21/2012,104923
6/22/2012,104293.28
6/25/2012,104085.06
6/26/2012,102609.27
6/27/2012,102202.16
6/28/2012,103744.68
6/29/2012,99095.17
7/2/2012,99563.34
7/3/2012,97798.36
7/5/2012,99096.48
7/6/2012,101116.35
7/9/2012,100384.5
7/10/2012,101463.89
7/11/2012,100899.53
7/12/2012,101246.13
7/13/2012,100372.43
7/16/2012,100590.95
7/17/2012,100561.48
7/18/2012,100223.77
7/19/2012,99093.13
7/20/2012,100225.41
7/23/2012,100717.9
7/24/2012,100266.45
7/25/2012,100545.98
7/26/2012,98975.97
7/27/2012,98523.5
7/30/2012,98878.23
7/31/2012,99258.41
8/1/2012,98955.19
8/2/2012,100417.66
8/3/2012,98711.8
8/6/2012,98437.22
8/7/2012,97059.78
8/8/2012,97564.13
8/9/2012,97883.55
8/10/2012,98477.56
8/13/2012,97809.99
8/14/2012,96972.39
8/15/2012,96960.44
8/16/2012,96590.13
8/17/2012,96803.93
8/20/2012,97000.19
8/21/2012,96852.61
8/22/2012,97103.96
8/23/2012,96894.61
8/24/2012,97424.46
8/27/2012,97491.06
8/28/2012,97440.28
8/29/2012,97857.11
8/30/2012,98136.15
8/31/2012,97763.71
9/4/2012,97653.45
9/5/2012,97087.04
9/6/2012,97070.73
9/7/2012,96801.66
9/10/2012,96079.21
9/11/2012,95544.38
9/12/2012,94824.03
9/13/2012,95262.43
9/14/2012,94426.71
9/17/2012,93452.68
9/18/2012,93549.65
9/19/2012,94041.27
9/20/2012,94208.65
9/21/2012,94178.21
9/24/2012,94232.12
9/25/2012,94098.37
9/26/2012,94387.23
9/27/2012,94288.85
9/28/2012,94951.31
10/1/2012,94006.44
10/2/2012,93305.33
10/3/2012,93237.99
10/4/2012,93629.79
10/5/2012,92772.45
10/8/2012,92964.82
10/9/2012,92990.49
10/10/2012,92904.88
10/11/2012,93781.29
10/12/2012,93333.71
10/15/2012,92937.48
10/16/2012,92234.19
10/17/2012,91871.71
10/18/2012,91929.02
10/19/2012,91595.79
10/22/2012,91317.05
10/23/2012,91487.01
10/24/2012,91865.09
10/25/2012,91659.34
10/26/2012,92020.09
10/31/2012,92318.66
11/1/2012,92338.84
11/2/2012,91500
11/5/2012,91771.28
11/6/2012,92174.48
11/7/2012,92810.56
11/8/2012,92906.77
11/9/2012,92574.49
11/12/2012,92058.52
11/13/2012,92267.33
11/14/2012,92335.51
11/15/2012,92349.15
11/16/2012,92525.62
11/19/2012,92101
11/20/2012,92129.32
11/21/2012,92329.03
11/23/2012,92513.1
11/26/2012,92466.56
11/27/2012,92883.82
11/28/2012,93201.03
11/29/2012,92673.26
11/30/2012,92232.85
12/3/2012,91941.23
12/4/2012,92003.07
12/5/2012,92663.32
12/6/2012,93038.6
12/7/2012,92716.36
12/10/2012,92673.68
12/11/2012,92209.73
12/12/2012,92320.08
12/13/2012,91811.72
12/14/2012,91899.52
12/17/2012,91533.59
12/18/2012,91159.72
12/19/2012,90682.08
12/20/2012,90534.72
12/21/2012,90651.74
12/24/2012,90807.6
12/26/2012,90573.69
12/27/2012,90872.21
12/28/2012,90977.68
12/31/2012,91016.01
1/2/2013,90096.79
1/3/2013,89387.12
1/4/2013,89044.46
1/7/2013,89462.35
1/8/2013,89572.33
1/9/2013,89689.13
1/10/2013,89992.74
1/11/2013,90106.69
1/14/2013,90382.61
1/15/2013,90284.48
1/16/2013,90369
1/17/2013,90378.2
1/18/2013,90193.92
1/22/2013,90272.79
1/23/2013,90202.65
1/24/2013,90321.36
1/25/2013,90137.84
1/28/2013,89781.96
1/29/2013,90164.21
1/30/2013,90353.07
1/31/2013,90719.19
2/1/2013,91115.11
2/4/2013,91025.54
2/5/2013,91267.15
2/6/2013,91163.54
2/7/2013,90914.54
2/8/2013,90947.24
2/11/2013,90770.87
2/12/2013,91064.81
2/13/2013,91055.81
2/14/2013,91168.72
2/15/2013,91095.37
2/19/2013,91214.33
2/20/2013,90922.41
2/21/2013,90538.67
2/22/2013,90746.88
2/25/2013,90570.04
2/26/2013,89988.66
2/27/2013,89924.5
2/28/2013,89665.41
3/1/2013,89745.1
3/4/2013,89722.24
3/5/2013,89912.64
3/6/2013,90068.98
3/7/2013,90072
3/8/2013,90265.71
3/11/2013,90391.28
3/12/2013,90333.16
3/13/2013,90158.59
3/14/2013,90000.21
3/15/2013,90182.37
3/18/2013,90479.52
3/19/2013,90579.48
3/20/2013,90494.7
3/21/2013,90573.59
3/22/2013,90382.01
3/25/2013,90379.88
3/26/2013,90741.98
3/27/2013,90929.51
3/28/2013,90706.14
4/1/2013,90255.89
4/2/2013,90155.4
4/3/2013,90085.95
4/4/2013,90751.28
4/5/2013,91013.88
4/8/2013,90997.4
4/9/2013,90726.56
4/10/2013,90827.23
4/11/2013,90893.55
4/12/2013,91283.6
4/15/2013,92030.67
4/16/2013,91622.09
4/17/2013,92362.2
4/18/2013,92735.41
4/19/2013,92858.26
4/22/2013,92674.03
4/23/2013,92725.27
4/24/2013,92554.5
4/25/2013,91567.25
4/26/2013,91893.02
4/29/2013,91410.34
4/30/2013,91299.76
5/1/2013,91985.86
5/2/2013,90978.12
5/3/2013,90203.92
5/6/2013,90220.99
5/7/2013,89684.03
5/8/2013,89855.16
5/9/2013,89465.19
5/10/2013,89146.21
5/13/2013,88865.43
5/14/2013,89073.89
5/15/2013,89385.14
5/16/2013,89581.71
5/17/2013,89753.01
5/20/2013,89232.77
5/21/2013,89533.42
5/22/2013,89604.58
5/23/2013,89341.21
5/24/2013,89260.2
5/28/2013,88923.29
5/29/2013,88307.18
5/30/2013,88162.47
5/31/2013,88055.64
6/3/2013,87527.21
6/4/2013,87697.17
6/5/2013,87763.79
6/6/2013,86698.23
6/7/2013,87228.82
6/10/2013,87465.3
6/11/2013,86942.18
6/12/2013,86979.59
6/13/2013,86783.21
6/14/2013,86262.04
6/17/2013,86519.79
6/18/2013,86809.24
6/19/2013,87390.13
6/20/2013,88742
6/21/2013,88841.28
6/24/2013,89353.87
6/25/2013,89285.39
6/26/2013,89325.61
6/27/2013,89229.03
6/28/2013,90034.12
7/1/2013,89949.8
7/2/2013,90205.4
7/3/2013,90191.03
7/5/2013,91705.93
7/8/2013,91076.87
7/9/2013,90427.96
7/10/2013,90637.01
7/11/2013,89397.64
7/12/2013,89691.87
7/15/2013,89806.77
7/16/2013,89141.59
7/17/2013,89453.05
7/18/2013,89297.94
7/19/2013,89085.55
7/22/2013,88596.03
7/23/2013,88545.31
7/24/2013,89670.95
7/25/2013,89244.38
7/26/2013,88973.67
7/29/2013,88952.66
7/30/2013,89384.58
7/31/2013,89253.71
8/1/2013,90873.99
8/2/2013,90411.01
8/5/2013,90585.69
8/6/2013,90330.09
8/7/2013,89937.09
8/8/2013,89009.92
8/9/2013,89105.58
8/12/2013,88854.29
8/13/2013,90245.4
8/14/2013,89857.9
8/15/2013,89500.27
8/16/2013,89878.84
8/19/2013,89848.75
8/20/2013,89779.37
8/21/2013,90153.03
8/22/2013,90854.39
8/23/2013,90520.42
8/26/2013,89590.62
8/27/2013,89372.05
8/28/2013,90066.8
8/29/2013,89794.79
8/30/2013,89834.43
9/3/2013,90084.34
9/4/2013,90185.85
9/5/2013,91280.03
9/6/2013,90392.35
9/9/2013,90119.82
9/10/2013,90233.17
9/11/2013,89907.26
9/12/2013,90232.46
9/13/2013,90277.5
9/16/2013,89480.49
9/17/2013,89328.81
9/18/2013,89080.05
9/19/2013,88304.8
9/20/2013,88713.52
9/23/2013,88083.77
9/24/2013,87925.73
9/25/2013,87424.37
9/26/2013,87361.4
9/27/2013,87126.61
9/30/2013,87084.25
10/1/2013,87130.68
10/2/2013,87015.86
10/3/2013,87088.89
10/4/2013,87025.56
10/7/2013,86427.05
10/8/2013,86491.98
10/9/2013,86401.3
10/10/2013,86836.97
10/11/2013,86593.48
10/14/2013,86572.34
10/15/2013,86720.18
10/16/2013,86674
10/17/2013,86336.35
10/18/2013,85870.07
10/21/2013,86269.72
10/22/2013,85963.3
10/23/2013,86062.58
10/24/2013,86235.16
10/25/2013,86075.91
10/28/2013,86352.9
10/29/2013,86306.06
10/30/2013,86041.41
10/31/2013,86190.4
11/1/2013,86436.75
11/4/2013,86628.41
11/5/2013,86981.25
11/6/2013,86918.17
11/7/2013,86789.45
11/8/2013,87393.49
11/11/2013,87403.04
11/12/2013,87711.31
11/13/2013,87793.21
11/14/2013,87466.16
11/15/2013,87272.83
11/18/2013,87449.85
11/19/2013,87553.55
11/20/2013,87335.46
11/21/2013,87639.07
11/22/2013,87807.23
11/25/2013,87705.06
11/26/2013,87815.35
11/27/2013,88274.37
11/29/2013,88401.29
12/2/2013,88756.23
12/3/2013,88355.55
12/4/2013,88473.22
12/5/2013,88433.84
12/6/2013,88648.16
12/9/2013,88672.88
12/10/2013,88150.71
12/11/2013,88283.21
12/12/2013,88861.46
12/13/2013,88754.4
12/16/2013,88945.62
12/17/2013,89113.52
12/18/2013,89601.57
12/19/2013,89759.07
12/20/2013,89474.19
12/23/2013,89613.89
12/24/2013,89758.21
12/26/2013,89864.54
12/27/2013,90491.09
12/30/2013,90353
12/31/2013,90101.41
1/2/2014,89284.09
1/3/2014,88713.46
1/6/2014,88458.26
1/7/2014,88605.54
1/8/2014,89122.41
1/9/2014,89071.1
1/10/2014,88097.61
1/13/2014,87723.72
1/14/2014,88640.36
1/15/2014,89073.78
1/16/2014,88721.57
1/17/2014,88766.19
1/21/2014,88762.07
1/22/2014,89463.86
1/23/2014,89182.87
1/24/2014,89339.75
1/27/2014,89302.19
1/28/2014,89473.79
1/29/2014,89886.59
1/30/2014,88959.73
1/31/2014,88382.53
2/3/2014,87741.11
2/4/2014,87651.22
2/5/2014,87219.68
2/6/2014,87430.39
2/7/2014,87189.01
2/10/2014,86992.71
2/11/2014,87155.84
2/12/2014,86987.11
2/13/2014,87819.91
2/14/2014,87568.33
2/18/2014,87637.71
2/19/2014,88330.61
2/20/2014,88447.18
2/21/2014,88572.62
2/24/2014,87623.06
2/25/2014,87848.35
2/26/2014,88203.1
2/27/2014,88353.52
2/28/2014,88791.25
3/3/2014,88083.1
3/4/2014,87791.93
3/5/2014,87191.87
3/6/2014,87158.86
3/7/2014,87883.43
3/10/2014,87992.52
3/11/2014,87834.35
3/12/2014,87223.03
3/13/2014,87086.49
3/14/2014,87250.24
3/17/2014,87077.23
3/18/2014,87143.39
3/19/2014,86751.18
3/20/2014,86787.98
3/21/2014,86568.29
3/24/2014,86504.26
3/25/2014,86562.84
3/26/2014,86622.18
3/27/2014,86724.53
3/28/2014,86657.65
3/31/2014,86464.69
4/1/2014,86101.91
4/2/2014,85803.98
4/3/2014,86157.05
4/4/2014,85956.47
4/7/2014,86168.26
4/8/2014,86465.91
4/9/2014,86758.19
4/10/2014,86978.7
4/11/2014,87072.57
4/14/2014,87188.48
4/15/2014,87813.77
4/16/2014,87708.17
4/17/2014,87819.76
4/21/2014,87537.73
4/22/2014,87420.37
4/23/2014,87303.44
4/24/2014,87406.77
4/25/2014,87580.76
4/28/2014,87722.26
4/29/2014,87932.33
4/30/2014,88011.51
5/1/2014,87602.62
5/2/2014,87588.67
5/5/2014,87531.28
5/6/2014,88019.54
5/7/2014,88114.96
5/8/2014,87819.82
5/9/2014,87275.53
5/12/2014,86636.7
5/13/2014,86800.19
5/14/2014,86910.52
5/15/2014,87073.5
5/16/2014,86930.24
5/19/2014,86926.15
5/20/2014,86862.03
5/21/2014,86949.58
5/22/2014,86615.17
5/23/2014,86656.93
5/27/2014,86722.04
5/28/2014,87217.17
5/29/2014,87241.04
5/30/2014,87183.66
6/2/2014,86835.96
6/3/2014,86580.75
6/4/2014,86536.72
6/5/2014,87089.33
6/6/2014,87223.06
6/9/2014,87173.72
6/10/2014,86757.63
6/11/2014,86812.98
6/12/2014,87859.77
6/13/2014,87749.17
6/16/2014,87910.77
6/17/2014,87543.85
6/18/2014,87639.78
6/19/2014,87594.69
6/20/2014,87087.59
6/23/2014,87168.08
6/24/2014,87541.52
6/25/2014,87977.7
6/26/2014,87965.36
6/27/2014,87752.98
6/30/2014,87897.29
7/1/2014,88077.61
7/2/2014,87235.23
7/3/2014,87009.14
7/7/2014,87314.9
7/8/2014,87426.88
7/9/2014,87552.63
7/10/2014,87644.82
7/11/2014,87907.52
7/14/2014,87613.48
7/15/2014,87317.11
7/16/2014,87309.22
7/17/2014,87610.48
7/18/2014,87855.22
7/21/2014,87990.4
7/22/2014,87946.5
7/23/2014,88091.95
7/24/2014,87759.1
7/25/2014,87813.56
7/28/2014,87659.44
7/29/2014,88181.05
7/30/2014,87571.08
7/31/2014,87277.72
8/1/2014,87563.63
8/4/2014,87416.94
8/5/2014,87288.93
8/6/2014,87146.92
8/7/2014,87373.98
8/8/2014,87724.7
8/11/2014,87642.93
8/12/2014,87811.88
8/13/2014,87845.16
8/14/2014,87959.38
8/15/2014,87917.25
8/18/2014,88038.98
8/19/2014,88222.29
8/20/2014,88294.28
8/21/2014,88153.49
8/22/2014,88280.51
8/25/2014,88994.53
8/26/2014,89066.84
8/27/2014,89265.32
8/28/2014,89344.33
8/29/2014,89640.12
9/2/2014,89359.8
9/3/2014,89403.61
9/4/2014,90245.09
9/5/2014,90254.04
9/8/2014,90698.58
9/9/2014,90971.57
9/10/2014,91221.02
9/11/2014,91344.29
9/12/2014,91410.31
9/15/2014,91437.18
9/16/2014,91231.22
9/17/2014,91398.23
9/18/2014,91461.6
9/19/2014,92360.01
9/22/2014,92774.85
9/23/2014,92967.21
9/24/2014,92761.96
9/25/2014,93299.82
9/26/2014,93670.53
9/29/2014,93458.42
9/30/2014,94590.48
10/1/2014,95188.65
10/2/2014,94964.36
10/3/2014,96078.89
10/6/2014,94585.48
10/7/2014,94556.55
10/8/2014,94816.99
10/9/2014,95315
10/10/2014,96128.99
10/13/2014,95582.81
10/14/2014,96225.5
10/15/2014,97098.58
10/16/2014,95964.79
10/17/2014,95796.11
10/20/2014,96102.82
10/21/2014,95594.75
10/22/2014,96247.49
10/23/2014,95692.56
10/24/2014,95912.22
10/27/2014,95511.19
10/28/2014,94800.24
10/29/2014,94120.29
10/30/2014,95016.37
10/31/2014,95823.6
11/3/2014,96518.9
11/4/2014,97290.8
11/5/2014,97623.1
11/6/2014,97506.24
11/7/2014,96996.37
11/10/2014,97752.35
11/11/2014,96671.47
11/12/2014,96790.31
11/13/2014,97829.54
11/14/2014,97408.7
11/17/2014,97810.88
11/18/2014,98052.64
11/19/2014,98463.57
11/20/2014,97944.92
11/21/2014,98174.55
11/24/2014,98719.24
11/25/2014,99008.9
11/26/2014,98865.55
11/28/2014,102259.29
12/1/2014,100387.37
12/2/2014,101860.2
12/3/2014,102191.18
12/4/2014,101973.44
12/5/2014,102437.35
12/8/2014,103081.17
12/9/2014,102610.29
12/10/2014,103513.77
12/11/2014,103857.13
12/12/2014,104471.77
12/15/2014,104956
12/16/2014,105541.61
12/17/2014,105557.92
12/18/2014,105421.77
12/19/2014,105668.25
12/22/2014,106796.56
12/23/2014,106148.03
12/24/2014,107001.98
12/26/2014,107017.2
12/29/2014,108220.93
12/30/2014,108045.17
12/31/2014,109413.89
1/2/2015,111249
1/5/2015,112482.07
1/6/2015,113095.64
1/7/2015,113891.53
1/8/2015,113606.8
1/9/2015,113241.88
1/12/2015,115159.41
1/13/2015,115635.89
1/14/2015,114719.18
1/15/2015,112506.42
1/16/2015,111052.46
1/20/2015,113337.95
1/21/2015,112605.97
1/22/2015,114016.32
1/23/2015,115399.98
1/26/2015,115903.42
1/27/2015,115402.73
1/28/2015,117068.75
1/29/2015,118576.55
1/30/2015,117930.81
2/2/2015,117283.68
2/3/2015,113079.79
2/4/2015,115290.6
2/5/2015,113768.07
2/6/2015,113581.38
2/9/2015,112578.7
2/10/2015,113740.44
2/11/2015,113949.33
2/12/2015,112042.85
2/13/2015,110693.84
2/17/2015,109683.43
2/18/2015,110223.43
2/19/2015,110215.79
2/20/2015,109949.79
2/23/2015,111253.07
2/24/2015,111186.94
2/25/2015,110559.07
2/26/2015,111966.15
2/27/2015,110663.32
3/2/2015,112076.64
3/3/2015,110895.4
3/4/2015,111265.87
3/5/2015,112282.88
3/6/2015,113313.96
3/9/2015,113803.85
3/10/2015,116084.59
3/11/2015,116748.81
3/12/2015,116733.18
3/13/2015,118690.15
3/16/2015,118428.37
3/17/2015,119093.6
3/18/2015,117947.3
3/19/2015,119379
3/20/2015,116866.96
3/23/2015,115763.02
3/24/2015,115954.66
3/25/2015,115698.2
3/26/2015,115014.83
3/27/2015,116705.97
3/30/2015,117168.59
3/31/2015,118486.7
4/1/2015,117018.81
4/2/2015,116650.12
4/6/2015,115146.78
4/7/2015,115234.07
4/8/2015,116851.63
4/9/2015,118133.17
4/10/2015,117309.24
4/13/2015,118045.75
4/14/2015,117279.12
4/15/2015,114911.52
4/16/2015,112843.23
4/17/2015,113296.97
4/20/2015,114179.05
4/21/2015,114872.15
4/22/2015,113893.15
4/23/2015,112463.37
4/24/2015,112821.52
4/27/2015,112496.45
4/28/2015,111296.83
4/29/2015,108758.35
4/30/2015,107784.72
5/1/2015,108510.51
5/4/2015,108338.3
5/5/2015,106679.44
5/6/2015,105297.5
5/7/2015,107012
5/8/2015,106642.91
5/11/2015,106322.49
5/12/2015,104488.44
5/13/2015,103698.37
5/14/2015,103184.97
5/15/2015,104043.07
5/18/2015,104693.02
5/19/2015,106608.33
5/20/2015,106597.66
5/21/2015,105895.06
5/22/2015,107598.49
5/26/2015,110675.47
5/27/2015,111786.73
5/28/2015,112064
5/29/2015,111913.14
6/1/2015,111864.59
6/2/2015,108529.67
6/3/2015,108507.63
6/4/2015,109459.98
6/5/2015,109426.19
6/8/2015,108306.98
6/9/2015,106498.28
6/10/2015,105094.43
6/11/2015,107034.37
6/12/2015,107920.37
6/15/2015,108143.3
6/16/2015,108155.99
6/17/2015,107390.47
6/18/2015,107035.69
6/19/2015,108374.18
6/22/2015,107659.73
6/23/2015,107125.17
6/24/2015,107442.8
6/25/2015,106263.68
6/26/2015,105621.27
6/29/2015,106223.54
6/30/2015,104362.96
7/1/2015,105735.02
7/2/2015,105489.74
7/6/2015,108149.32
7/7/2015,109760.07
7/8/2015,109295.06
7/9/2015,108458.1
7/10/2015,107464.9
7/13/2015,107759.03
7/14/2015,107689.2
7/15/2015,109064.97
7/16/2015,109484.81
7/17/2015,109760.3
7/20/2015,110383.55
7/21/2015,109793.82
7/22/2015,110644.87
7/23/2015,111088.15
7/24/2015,111779.03
7/27/2015,111436.97
7/28/2015,111123.67
7/29/2015,110642.14
7/30/2015,111661.29
7/31/2015,112260.47
8/3/2015,113469.33
8/4/2015,113044.51
8/5/2015,113275.03
8/6/2015,113413.54
8/7/2015,113802.96
8/10/2015,112091.02
8/11/2015,114096.73
8/12/2015,112632.02
8/13/2015,113371.3
8/14/2015,113211.1
8/17/2015,114268.69
8/18/2015,114375.06
8/19/2015,115146.36
8/20/2015,114880.54
8/21/2015,115542.11
8/24/2015,116381.52
8/25/2015,115888.81
8/26/2015,117196.95
8/27/2015,114801.8
8/28/2015,113811.79
8/31/2015,112207.06
9/1/2015,114180.66
9/2/2015,114387.61
9/3/2015,114169.55
9/4/2015,115444.34
9/8/2015,114417.79
9/9/2015,115110.92
9/10/2015,113957.25
9/11/2015,114139.03
9/14/2015,114101.74
9/15/2015,113552.98
9/16/2015,112426.91
9/17/2015,112400.05
9/18/2015,115004.89
9/21/2015,114366.85
9/22/2015,116079.23
9/23/2015,116646.57
9/24/2015,116511.38
9/25/2015,115116.18
9/28/2015,116461.49
9/29/2015,116576.54
9/30/2015,116137.17
10/1/2015,116462.82
10/2/2015,116000.77
10/5/2015,114565.26
10/6/2015,112288.41
10/7/2015,112178.24
10/8/2015,111255.81
10/9/2015,110173.27
10/12/2015,111460.15
10/13/2015,112246.49
10/14/2015,111912.62
10/15/2015,111894.02
10/16/2015,112001
10/19/2015,113432.88
10/20/2015,112587.18
10/21/2015,113689.16
10/22/2015,114282.47
10/23/2015,115202.79
10/26/2015,115589.58
10/27/2015,116766.52
10/28/2015,115961.13
10/29/2015,115099.8
10/30/2015,114057.94
11/2/2015,114241.07
11/3/2015,112839.95
11/4/2015,114276.76
11/5/2015,115026.35
11/6/2015,115568.02
11/9/2015,116455.4
11/10/2015,117526.18
11/11/2015,117809.59
11/12/2015,118290.58
11/13/2015,119248.4
11/16/2015,119818.03
11/17/2015,120166.82
11/18/2015,120224.67
11/19/2015,119807.51
11/20/2015,120699.85
11/23/2015,120410.61
11/24/2015,119363.71
11/25/2015,119600.55
11/27/2015,121303.91
11/30/2015,121302.42
12/1/2015,120707.63
12/2/2015,122511.3
12/3/2015,119066.28
12/4/2015,119394.97
12/7/2015,122528.68
12/8/2015,122801.41
12/9/2015,121718.33
12/10/2015,121363.4
12/11/2015,122370.68
12/14/2015,122641.96
12/15/2015,123105.32
12/16/2015,123487.58
12/17/2015,126076.92
12/18/2015,125127.18
12/21/2015,124775.86
12/22/2015,124952.31
12/23/2015,123513.89
12/24/2015,122762.88
12/28/2015,123463.36
12/29/2015,121748.83
12/30/2015,123213
12/31/2015,123111.18
1/4/2016,124356.35
1/5/2016,124886.13
1/6/2016,126945.99
1/7/2016,126782.52
1/8/2016,127015.06
1/11/2016,128676.7
1/12/2016,129828.22
1/13/2016,130682.06
1/14/2016,131186.2
1/15/2016,133683.4
1/19/2016,133346.66
1/20/2016,134376.84
1/21/2016,132631.86
1/22/2016,130380.97
1/25/2016,130376.67
1/26/2016,130173.58
1/27/2016,129204.22
1/28/2016,128488.14
1/29/2016,127871.34
2/1/2016,128399.93
2/2/2016,131346.11
2/3/2016,128533.57
2/4/2016,128030.16
2/5/2016,129944.48
2/8/2016,131866.39
2/9/2016,133521.14
2/10/2016,133421.02
2/11/2016,134889.69
2/12/2016,131144.21
2/16/2016,132452.93
2/17/2016,129981.45
2/18/2016,131627.37
2/19/2016,132963.14
2/22/2016,131985.55
2/23/2016,132966.8
2/24/2016,132891.45
2/25/2016,132170.65
2/26/2016,132268.73
2/29/2016,132163.58
3/1/2016,130707.01
3/2/2016,129593.85
3/3/2016,129058.44
3/4/2016,126761.78
3/7/2016,125177.7
3/8/2016,127139.13
3/9/2016,124336.8
3/10/2016,123677.97
3/11/2016,122046.38
3/14/2016,122999.09
3/15/2016,123620.72
3/16/2016,122464.95
3/17/2016,121526.95
3/18/2016,122365.02
3/21/2016,122325.14
3/22/2016,122382.88
3/23/2016,124776.91
3/24/2016,123945.46
3/28/2016,123378.13
3/29/2016,123933.46
3/30/2016,124260.83
3/31/2016,124452.33
4/1/2016,125579.77
4/4/2016,125960.46
4/5/2016,127062.14
4/6/2016,126437.98
4/7/2016,127115.85
4/8/2016,125287.05
4/11/2016,125153.52
4/12/2016,122891.62
4/13/2016,122238.15
4/14/2016,122610.22
4/15/2016,124372.56
4/18/2016,124111.81
4/19/2016,122242.97
4/20/2016,120777.23
4/21/2016,120671.25
4/22/2016,119788.25
4/25/2016,120363.19
4/26/2016,119167.55
4/27/2016,118761.63
4/28/2016,119769.95
4/29/2016,120019.36
5/2/2016,121445.61
5/3/2016,122559
5/4/2016,122563.22
5/5/2016,122491.06
5/6/2016,122321.35
5/9/2016,122929.74
5/10/2016,122380.94
5/11/2016,122134.83
5/12/2016,121488.27
5/13/2016,121529.34
5/16/2016,121017.22
5/17/2016,120558.31
5/18/2016,119212.47
5/19/2016,119236.78
5/20/2016,119427.92
5/23/2016,119729.66
5/24/2016,118731.7
5/25/2016,118715.24
5/26/2016,119403.27
5/27/2016,118998.95
5/31/2016,119021.11
6/1/2016,119471.48
6/2/2016,119946.44
6/3/2016,121659.45
6/6/2016,121166.95
6/7/2016,121186.05
6/8/2016,121233.7
6/9/2016,121477.03
6/10/2016,123251.77
6/13/2016,123763.65
6/14/2016,124412.77
6/15/2016,124699.42
6/16/2016,125836.18
6/17/2016,124878.42
6/20/2016,122428.82
6/21/2016,121064.59
6/22/2016,121289.03
6/23/2016,119728.14
6/24/2016,124751.3
6/27/2016,126501.03
6/28/2016,125377.28
6/29/2016,125434.46
6/30/2016,125803.63
7/1/2016,126297.89
7/5/2016,128653.54
7/6/2016,128918.67
7/7/2016,129116.62
7/8/2016,129478.89
7/11/2016,129179.57
7/12/2016,126965.57
7/13/2016,128228.78
7/14/2016,126785.78
7/15/2016,126111.86
7/18/2016,126367.04
7/19/2016,126879.02
7/20/2016,126492.35
7/21/2016,127050.96
7/22/2016,126590.65
7/25/2016,126602.72
7/26/2016,127196.92
7/27/2016,127894.5
7/28/2016,127563.8
7/29/2016,128345.59
8/1/2016,128267.28
8/2/2016,127899.77
8/3/2016,126849.67
8/4/2016,128279.11
8/5/2016,128000
8/8/2016,127975.13
8/9/2016,129338.93
8/10/2016,130123.27
8/11/2016,128933.68
8/12/2016,128567.56
8/15/2016,127926.48
8/16/2016,127205.78
8/17/2016,126428.8
8/18/2016,125980.98
8/19/2016,125173.89
8/22/2016,126396.74
8/23/2016,126506.69
8/24/2016,126057.06
8/25/2016,125858.61
8/26/2016,125667.58
8/29/2016,126818.67
8/30/2016,126522.84
8/31/2016,126590.42
9/1/2016,126962.69
9/2/2016,126460.38
9/6/2016,128154.73
9/7/2016,127913.45
9/8/2016,125718.25
9/9/2016,124764.64
9/12/2016,124297.38
9/13/2016,124116.23
9/14/2016,124266.82
9/15/2016,124460.19
9/16/2016,124966.22
9/19/2016,125637.75
9/20/2016,126101.83
9/21/2016,125957.25
9/22/2016,126633.28
9/23/2016,127028.11
9/26/2016,127672.99
9/27/2016,128629.21
9/28/2016,127994.07
9/29/2016,127495.46
9/30/2016,126685.32
10/3/2016,126576.6
10/4/2016,125401.42
10/5/2016,124706.04
10/6/2016,124131.43
10/7/2016,124685.19
10/10/2016,124479.77
10/11/2016,124539.04
10/12/2016,124362.76
10/13/2016,124646.38
10/14/2016,123853
10/17/2016,123985.2
10/18/2016,124327.03
10/19/2016,124701.85
10/20/2016,124061.33
10/21/2016,124021.96
10/24/2016,123948.75
10/25/2016,123507.87
10/26/2016,122020.3
10/27/2016,121144.58
10/28/2016,120756.33
10/31/2016,119500.94
11/1/2016,119223.93
11/2/2016,119108.71
11/3/2016,118505.43
11/4/2016,118389.45
11/7/2016,118591.93
11/8/2016,117645.85
11/9/2016,117258.11
11/10/2016,115643.38
11/11/2016,114600.63
11/14/2016,114281.22
11/15/2016,114522.49
11/16/2016,113799.7
11/17/2016,113730.29
11/18/2016,113012.74
11/21/2016,113097.52
11/22/2016,113387.59
11/23/2016,113339.32
11/25/2016,113636.87
11/28/2016,114031.01
11/29/2016,113555.61
11/30/2016,113640.12
12/1/2016,113441.21
12/2/2016,113066.28
12/5/2016,112483.42
12/6/2016,112728.53
12/7/2016,112591.48
12/8/2016,112773.88
12/9/2016,113219.61
12/12/2016,112731.58
12/13/2016,112469.2
12/14/2016,112562.53
12/15/2016,114464.56
12/16/2016,114168.09
12/19/2016,113733.29
12/20/2016,113951.68
12/21/2016,114087.24
12/22/2016,114255.74
12/23/2016,114455.35
12/27/2016,114957.22
12/28/2016,115326.03
12/29/2016,114436.14
12/30/2016,113772.05
1/3/2017,112922.33
1/4/2017,112751.65
1/5/2017,111182.9
1/6/2017,112212.61
1/9/2017,110514.44
1/10/2017,110880.36
1/11/2017,111041.53
1/12/2017,111457.09
1/13/2017,111321.97
1/17/2017,109820.74
1/18/2017,109868.85
1/19/2017,110462.15
1/20/2017,109826.97
1/23/2017,108987.78
1/24/2017,110073.02
1/25/2017,109464.04
1/26/2017,109876.21
1/27/2017,109809.58
1/30/2017,108971.18
1/31/2017,108165.76
2/1/2017,108582.78
2/2/2017,108346.88
2/3/2017,108566.87
2/6/2017,107845.44
2/7/2017,107313.21
2/8/2017,107394.4
2/9/2017,107884.8
2/10/2017,108390.09
2/13/2017,107656.59
2/14/2017,108279.84
2/15/2017,108338.96
2/16/2017,107283.46
2/17/2017,107422.82
2/21/2017,107908.45
2/22/2017,107605.82
2/23/2017,107077.47
2/24/2017,106474.4
2/27/2017,106832.76
2/28/2017,106687.39
3/1/2017,107137.26
3/2/2017,106738.06
3/3/2017,106604.43
3/6/2017,106399.13
3/7/2017,106572.86
3/8/2017,105930.21
3/9/2017,105459.42
3/10/2017,104991.12
3/13/2017,105305.38
3/14/2017,105582.23
3/15/2017,104960.46
3/16/2017,104693.11
3/17/2017,104573.34
3/20/2017,104506.12
3/21/2017,103640.81
3/22/2017,103876.43
3/23/2017,103571.32
3/24/2017,103312.32
3/27/2017,102936.76
3/28/2017,103427.51
3/29/2017,103473.3
3/30/2017,104041.59
3/31/2017,103610.34
4/3/2017,103676.64
4/4/2017,103146.34
4/5/2017,103314.71
4/6/2017,102954.16
4/7/2017,103260.61
4/10/2017,102630.95
4/11/2017,102175.8
4/12/2017,101861.63
4/13/2017,101541.57
4/17/2017,102043.75
4/18/2017,101021.48
4/19/2017,101470.9
4/20/2017,102146.93
4/21/2017,102395.6
4/24/2017,102180.94
4/25/2017,102186.59
4/26/2017,102587.22
4/27/2017,102782.74
4/28/2017,102537.26
5/1/2017,102451.83
5/2/2017,102649.76
5/3/2017,102623.57
5/4/2017,103053.46
5/5/2017,102402.26
5/8/2017,103060.86
5/9/2017,103240.74
5/10/2017,102599.74
5/11/2017,102440.02
5/12/2017,102345.78
5/15/2017,102029.97
5/16/2017,101451.8
5/17/2017,100553.65
5/18/2017,101151.22
5/19/2017,99634.78
5/22/2017,99195.31
5/23/2017,100126.9
5/24/2017,99990.7
5/25/2017,101173.01
5/26/2017,100786.02
5/30/2017,101432.2
5/31/2017,101973.39
6/1/2017,102869.81
6/2/2017,102920.34
6/5/2017,102935.41
6/6/2017,102061.11
6/7/2017,102567.86
6/8/2017,102388.23
6/9/2017,102407.41
6/12/2017,102531.56
6/13/2017,101947.01
6/14/2017,102749.07
6/15/2017,102139.99
6/16/2017,101842.71
6/19/2017,102261.35
6/20/2017,102459.73
6/21/2017,103472.29
6/22/2017,103434.49
6/23/2017,103540.12
6/26/2017,103649.99
6/27/2017,102789.02
6/28/2017,102125.48
6/29/2017,101237.09
6/30/2017,100002.64
7/3/2017,99170.06
7/5/2017,99684.43
7/6/2017,99274.12
7/7/2017,99637.32
7/10/2017,99612.03
7/11/2017,99420.5
7/12/2017,99536.77
7/13/2017,99115.62
7/14/2017,98878.46
7/17/2017,99131.34
7/18/2017,99107.8
7/19/2017,98566.24
7/20/2017,98843.45
7/21/2017,99427.69
7/24/2017,99411.06
7/25/2017,99282.42
7/26/2017,98991.72
7/27/2017,98227.84
7/28/2017,98167.39
7/31/2017,98059.73
8/1/2017,97689.61
8/2/2017,97743.65
8/3/2017,97888.09
8/4/2017,97595.53
8/7/2017,97707.84
8/8/2017,97642.4
8/9/2017,97213.59
8/10/2017,97044.11
8/11/2017,97206.86
8/14/2017,97035.42
8/15/2017,97222.85
8/16/2017,97959.81
8/17/2017,97447.32
8/18/2017,97320.84
8/21/2017,97615.43
8/22/2017,97588.72
8/23/2017,97610.46
8/24/2017,97443.28
8/25/2017,98001.86
8/28/2017,98618.77
8/29/2017,98933.65
8/30/2017,98472.27
8/31/2017,97947.96
9/1/2017,98331.03
9/5/2017,98536.96
9/6/2017,98617.34
9/7/2017,99853.78
9/8/2017,100349.75
9/11/2017,99680.92
9/12/2017,99186.46
9/13/2017,98262.17
9/14/2017,98097.72
9/15/2017,98185.31
9/18/2017,97779.17
9/19/2017,98396.81
9/20/2017,97979.28
9/21/2017,97939.4
9/22/2017,98054.49
9/25/2017,98219.96
9/26/2017,98057.69
9/27/2017,97136.13
9/28/2017,97461.16
9/29/2017,97169.18
10/2/2017,96701.35
10/3/2017,96937.99
10/4/2017,97145.59
10/5/2017,96749.08
10/6/2017,96723.41
10/9/2017,97032.35
10/10/2017,97507.75
10/11/2017,97794.41
10/12/2017,97441.77
10/13/2017,97458.99
10/16/2017,97821.15
10/17/2017,97506.56
10/18/2017,97884.74
10/19/2017,97563.62
10/20/2017,97604.2
10/23/2017,97245.55
10/24/2017,97369.37
10/25/2017,97329.94
10/26/2017,97360.95
10/27/2017,97324.07
10/30/2017,97677.86
10/31/2017,98215.46
11/1/2017,98429.43
11/2/2017,98177.03
11/3/2017,98338.42
11/6/2017,98561.99
11/7/2017,97898.61
11/8/2017,97846.28
11/9/2017,98017.79
11/10/2017,97543.16
11/13/2017,97557.06
11/14/2017,97504.54
11/15/2017,97239.83
11/16/2017,97273.3
11/17/2017,97147.21
11/20/2017,97323.41
11/21/2017,97744.88
11/22/2017,97821.06
11/24/2017,98691.65
11/27/2017,98404.42
11/28/2017,98238.63
11/29/2017,97416.93
11/30/2017,97755.04
12/1/2017,98206.24
12/4/2017,97992.77
12/5/2017,97892.54
12/6/2017,97465.35
12/7/2017,98407.93
12/8/2017,98650.1
12/11/2017,99056.55
12/12/2017,99184.55
12/13/2017,98563.81
12/14/2017,99075.3
12/15/2017,99259.36
12/18/2017,99205.41
12/19/2017,99297
12/20/2017,99615.72
12/21/2017,99881.22
12/22/2017,100018.93
12/26/2017,100593.83
12/27/2017,100324.37
12/28/2017,100169.48
12/29/2017,100274.99
1/2/2018,99695.17
1/3/2018,100086.92
1/4/2018,100748.75
1/5/2018,101078.39
1/8/2018,101209.92
1/9/2018,101119.37
1/10/2018,100767.01
1/11/2018,100916.29
1/12/2018,101471.63
1/16/2018,101816.82
1/17/2018,102037.41
1/18/2018,102220.8
1/19/2018,102016.65
1/22/2018,102455.71
1/23/2018,102279.88
1/24/2018,102966.41
1/25/2018,102451.93
1/26/2018,102657.81
1/29/2018,101971.97
1/30/2018,101296.97
1/31/2018,102309.87
2/1/2018,103505.07
2/2/2018,102776.06
2/5/2018,102084.76
2/6/2018,101042.45
2/7/2018,99793.9
2/8/2018,100225.45
2/9/2018,99378.84
2/12/2018,99317.92
2/13/2018,99890.85
2/14/2018,101579.51
2/15/2018,102181.82
2/16/2018,101812.24
2/20/2018,101137.72
2/21/2018,100664.19
2/22/2018,100827.64
2/23/2018,100700.83
2/26/2018,100463.68
2/27/2018,100194.31
2/28/2018,98328.09
3/1/2018,97136.47
3/2/2018,97881.89
3/5/2018,97916.7
3/6/2018,98621.75
3/7/2018,98419.76
3/8/2018,97156
3/9/2018,98228.41
3/12/2018,97981.05
3/13/2018,98076.18
3/14/2018,97985.81
3/15/2018,97596.84
3/16/2018,97733.22
3/19/2018,97747.29
3/20/2018,97943.73
3/21/2018,99337.33
3/22/2018,98398.03
3/23/2018,99309.86
3/26/2018,99458.59
3/27/2018,98588.37
3/28/2018,97794.06
3/29/2018,97736.66
4/2/2018,97531.32
4/3/2018,97493.2
4/4/2018,97210.23
4/5/2018,97149.89
4/6/2018,97036
4/9/2018,97498.21
4/10/2018,98508.59
4/11/2018,98911.08
4/12/2018,98925.05
4/13/2018,98928.38
4/16/2018,98964.48
4/17/2018,98907.57
4/18/2018,99259.66
4/19/2018,99557.42
4/20/2018,99412.31
4/23/2018,99355.9
4/24/2018,99148.41
4/25/2018,99052.36
4/26/2018,98917
4/27/2018,98522.32
4/30/2018,98178.28
5/1/2018,97380.61
5/2/2018,97691.49
5/3/2018,97660.59
5/4/2018,98078.48
5/7/2018,98298.08
5/8/2018,97859.06
5/9/2018,98724.42
5/10/2018,98580.3
5/11/2018,98466.06
5/14/2018,98805.65
5/15/2018,98952.07
5/16/2018,99038.98
5/17/2018,99032.21
5/18/2018,98794.98
5/21/2018,98471.46
5/22/2018,98459.67
5/23/2018,98001.09
5/24/2018,97554.59
5/25/2018,96918.79
5/29/2018,96008.78
5/30/2018,95822.85
5/31/2018,95377.56
6/1/2018,95568.27
6/4/2018,95313.13
6/5/2018,95455.13
6/6/2018,95246.57
6/7/2018,95693.2
6/8/2018,95580.95
6/11/2018,95384.45
6/12/2018,95844.28
6/13/2018,95891.67
6/14/2018,96347.66
6/15/2018,95629.56
6/18/2018,95921.76
6/19/2018,95862.62
6/20/2018,95942.31
6/21/2018,95520.71
6/22/2018,95776.69
6/25/2018,95715.19
6/26/2018,96317.95
6/27/2018,97372.55
6/28/2018,97635.72
6/29/2018,97190.84
7/2/2018,98007.61
7/3/2018,97737.38
7/5/2018,97729.89
7/6/2018,96865.12
7/9/2018,97484.82
7/10/2018,97955.16
7/11/2018,98050.63
7/12/2018,98304.41
7/13/2018,98828.74
7/16/2018,97454.45
7/17/2018,98168.09
7/18/2018,98320.9
7/19/2018,98605.09
7/20/2018,97304.93
7/23/2018,97548.64
7/24/2018,97338.67
7/25/2018,96765.63
7/26/2018,97414.75
7/27/2018,97084.37
7/30/2018,96636.09
7/31/2018,96235.5
8/1/2018,96219.32
8/2/2018,96917.06
8/3/2018,96366.72
8/6/2018,96880.76
8/7/2018,96856.63
8/8/2018,95941.86
8/9/2018,96264.67
8/10/2018,97903.78
8/13/2018,98076.58
8/14/2018,98186.11
8/15/2018,98261.44
8/16/2018,98034.71
8/17/2018,97819.43
8/20/2018,97491.78
8/21/2018,96690.08
8/22/2018,97362.71
8/23/2018,98332.19
8/24/2018,97905.69
8/27/2018,97477.96
8/28/2018,97728.15
8/29/2018,97918.55
8/30/2018,98099.05
8/31/2018,98240.14
9/4/2018,98946.3
9/5/2018,98286.02
9/6/2018,97749.33
9/7/2018,98143.75
9/10/2018,97994.57
9/11/2018,98490.25
9/12/2018,97746.02
9/13/2018,97166.8
9/14/2018,98034.9
9/17/2018,98030.96
9/18/2018,98207.12
9/19/2018,97929.41
9/20/2018,96896.6
9/21/2018,96955.75
9/24/2018,97566.81
9/25/2018,97542.65
9/26/2018,97668.17
9/27/2018,98515.87
9/28/2018,98926.55
10/1/2018,99002.56
10/2/2018,98713.8
10/3/2018,99326.72
10/4/2018,99042.5
10/5/2018,98663.68
10/8/2018,98556.52
10/9/2018,98390.49
10/10/2018,98112.13
10/11/2018,96439.54
10/12/2018,96385.52
10/15/2018,95958.64
10/16/2018,96326.85
10/17/2018,96137.77
10/18/2018,96197.64
10/19/2018,96481.66
10/22/2018,96591.81
10/23/2018,95800.49
10/24/2018,95944.42
10/25/2018,96411.55
10/26/2018,96067.88
10/29/2018,96372.84
10/30/2018,96880.53
10/31/2018,97302.47
11/1/2018,95345.13
11/2/2018,95323.53
11/5/2018,95784.87
11/6/2018,95894.96
11/7/2018,95606.37
11/8/2018,96115.71
11/9/2018,96879.94
11/12/2018,97339.17
11/13/2018,97632.14
11/14/2018,98526.55
11/15/2018,97119.59
11/16/2018,96719.71
11/19/2018,97780.76
11/20/2018,98281.16
11/21/2018,97722.07
11/23/2018,98331.52
11/26/2018,98253.97
11/27/2018,98625.22
11/28/2018,98031.1
11/29/2018,97985.05
11/30/2018,97883.39
12/3/2018,96388.21
12/4/2018,96634.28
12/6/2018,97509.04
12/7/2018,96563.41
12/10/2018,98346.19
12/11/2018,98012.77
12/12/2018,97271.39
12/13/2018,96794.79
12/14/2018,97524.17
12/17/2018,97002.01
12/18/2018,98950.8
12/19/2018,98482.12
12/20/2018,98850.22
12/21/2018,99869.89
12/24/2018,100118.41
12/26/2018,99534.08
12/27/2018,100226.51
12/28/2018,99483.93
12/31/2018,99023.48
1/2/2019,99384.65
1/3/2019,99022.62
1/4/2019,97429.84
1/7/2019,96437.16
1/8/2019,96002.78
1/9/2019,94320.84
1/10/2019,94899.09
1/11/2019,95203.12
1/14/2019,95979.7
1/15/2019,95889.31
1/16/2019,95312.18
1/17/2019,94987.95
1/18/2019,94312.07
1/22/2019,95325.05
1/23/2019,95079.95
1/24/2019,95840.27
1/25/2019,94689.11
1/28/2019,95585.84
1/29/2019,95491.71
1/30/2019,94487.63
1/31/2019,95128.69
2/1/2019,94203.33
2/4/2019,94284.75
2/5/2019,94764.44
2/6/2019,94915.87
2/7/2019,96198.52
2/8/2019,96314.5
2/11/2019,96794.98
2/12/2019,96018.08
2/13/2019,95845.97
2/14/2019,96171.98
2/15/2019,95001.83
2/19/2019,94846.94
2/20/2019,94486.3
2/21/2019,94252.05
2/22/2019,94122.47
2/25/2019,94943.74
2/26/2019,94661.03
2/27/2019,93980.79
2/28/2019,94113.94
3/1/2019,94727.21
3/4/2019,94653.47
3/5/2019,94599.55
3/6/2019,95621.67
3/7/2019,96752.25
3/8/2019,96729.82
3/11/2019,96871.31
3/12/2019,96298.88
3/13/2019,95585.46
3/14/2019,95463.55
3/15/2019,95524.43
3/18/2019,95421.99
3/19/2019,95225.96
3/20/2019,94805.31
3/21/2019,95715.94
3/22/2019,96417.9
3/25/2019,96398.62
3/26/2019,96138.88
3/27/2019,96911.36
3/28/2019,97297.68
3/29/2019,97536.2
4/1/2019,96303.33
4/2/2019,96488.11
4/3/2019,95799.28
4/4/2019,96071.69
4/5/2019,95808.42
4/8/2019,95382.27
4/9/2019,95587.72
4/10/2019,95238.97
4/11/2019,95590.95
4/12/2019,94855.68
4/15/2019,95227.22
4/16/2019,95379.66
4/17/2019,95601.08
4/18/2019,96391.11
4/22/2019,96079.32
4/23/2019,96587.31
4/24/2019,97745.74
4/25/2019,97194.18
4/26/2019,97202.47
4/29/2019,96959.4
4/30/2019,96812.86
5/1/2019,96517
5/2/2019,96277.7
5/3/2019,96117.98
5/6/2019,96543.53
5/7/2019,96740.34
5/8/2019,96653.93
5/9/2019,97100.39
5/10/2019,97112.13
5/13/2019,97041.72
5/14/2019,96457.87
5/15/2019,97025.65
5/16/2019,96785.34
5/17/2019,97153.63
5/20/2019,96191.46
5/21/2019,96196.04
5/22/2019,96811.67
5/23/2019,97346.56
5/24/2019,96353.84
5/28/2019,96265.69
5/29/2019,96648.49
5/30/2019,96287.86
5/31/2019,97083.7
6/3/2019,96807.28
6/4/2019,96325.1
6/5/2019,97635.46
6/6/2019,97122.66
6/7/2019,97021.84
6/10/2019,96647.53
6/11/2019,96228.49
6/12/2019,96822.74
6/13/2019,96880.93
6/14/2019,97274.56
6/17/2019,97268.55
6/18/2019,97374.42
6/19/2019,97135.14
6/20/2019,96793.86
6/21/2019,96210.3
6/24/2019,95970.85
6/25/2019,96103.59
6/26/2019,95017.92
6/27/2019,94878.69
6/28/2019,94777.64
7/1/2019,95033.81
7/2/2019,96292.36
7/3/2019,96169.74
7/5/2019,95395.08
7/8/2019,95639.47
7/9/2019,95297.85
7/10/2019,94205.41
7/11/2019,94074.8
7/12/2019,93936.58
7/15/2019,94325.3
7/16/2019,95108.6
7/17/2019,95752.95
7/18/2019,95942.35
7/19/2019,95937.24
7/22/2019,95826.43
7/23/2019,95860.25
7/24/2019,96280.15
7/25/2019,96142.14
7/26/2019,96647.01
7/29/2019,96815.8
7/30/2019,96858.58
7/31/2019,96806.95
8/1/2019,98422.65
8/2/2019,99101.05
8/5/2019,100022.7
8/6/2019,100394.47
8/7/2019,101567.89
8/8/2019,100621.46
8/9/2019,100286.78
8/12/2019,101033.76
8/13/2019,99934.79
8/14/2019,101128.31
8/15/2019,101484.02
8/16/2019,101163.53
8/19/2019,100825.7
8/20/2019,100962.61
8/21/2019,100895.67
8/22/2019,100463.9
8/23/2019,101536.78
8/26/2019,101312.49
8/27/2019,101894.15
8/28/2019,101838.46
8/29/2019,101376.21
8/30/2019,102224.64
9/3/2019,103234.93
9/4/2019,101113.81
9/5/2019,99708.88
9/6/2019,99783.3
9/9/2019,98433.91
9/10/2019,97385.89
9/11/2019,98046.38
9/12/2019,97258.72
9/13/2019,95891.84
9/16/2019,93657.22
9/17/2019,95088.51
9/18/2019,95859.14
9/19/2019,95875.71
9/20/2019,96634.44
9/23/2019,96784.56
9/24/2019,97202.68
9/25/2019,97242.15
9/26/2019,97684.13
9/27/2019,97719.1
9/30/2019,97620.69
10/1/2019,97553.73
10/2/2019,98425.45
10/3/2019,98816.06
10/4/2019,98711.75
10/7/2019,98627.3
10/8/2019,98684.78
10/9/2019,98487.15
10/10/2019,97447.99
10/11/2019,94860.25
10/14/2019,95305.81
10/15/2019,94697.32
10/16/2019,94667.15
10/17/2019,93892.76
10/18/2019,93528.13
10/21/2019,93559.79
10/22/2019,94032.02
10/23/2019,93846.51
10/24/2019,93967.56
10/25/2019,93701.09
10/28/2019,92948.52
10/29/2019,92813.41
10/30/2019,92908.22
10/31/2019,93807.31
11/1/2019,93000.13
11/4/2019,92525.35
11/5/2019,91740.16
11/6/2019,92233.94
11/7/2019,91779.75
11/8/2019,91729.99
11/11/2019,91965.42
11/12/2019,92064.42
11/13/2019,92342.07
11/14/2019,92723.9
11/15/2019,92542.87
11/18/2019,93018.23
11/19/2019,93166.38
11/20/2019,93526.23
11/21/2019,93443.83
11/22/2019,93219.81
11/25/2019,93722.73
11/26/2019,94157.02
11/27/2019,94237.28
11/29/2019,94315.2
12/2/2019,93332.65
12/3/2019,93672.76
12/4/2019,93449.86
12/5/2019,93138.08
12/6/2019,93226.86
12/9/2019,93200.04
12/10/2019,92913.97
12/11/2019,92914.3
12/12/2019,92228.39
12/13/2019,93211.34
12/16/2019,92772.03
12/17/2019,92924.15
12/18/2019,92715.76
12/19/2019,92538.83
12/20/2019,92580.38
12/23/2019,92565.8
12/24/2019,92995.45
12/26/2019,93134.39
12/27/2019,93194.88
12/30/2019,92559.15
12/31/2019,92509.88
1/2/2020,92933.25
1/3/2020,93501.83
1/6/2020,93808.59
1/7/2020,93587.09
1/8/2020,92813.68
1/9/2020,92766.92
1/10/2020,92913.22
1/13/2020,92647.72
1/14/2020,93073.73
1/15/2020,93348.52
1/16/2020,93653.94
1/17/2020,93682.83
1/21/2020,93985.01
1/22/2020,93379.39
1/23/2020,93070.14
1/24/2020,92760.48
1/27/2020,92488.36
1/28/2020,92251.53
1/29/2020,92410.88
1/30/2020,92661.34
1/31/2020,92706.72
2/3/2020,92583.99
2/4/2020,91958.87
2/5/2020,91782.01
2/6/2020,91792.25
2/7/2020,92146.66
2/10/2020,92727.7
2/11/2020,92392.73
2/12/2020,91901.25
2/13/2020,91829.95
2/14/2020,91908.53
2/18/2020,91942.56
2/19/2020,91985.45
2/20/2020,92448.68
2/21/2020,92796.87
2/24/2020,93889.24
2/25/2020,94295.82
2/26/2020,94847.07
2/27/2020,95238.69
2/28/2020,95776.44
3/2/2020,94711.57
3/3/2020,94746.35
3/4/2020,94516.83
3/5/2020,95700.29
3/6/2020,97846.45
3/9/2020,101622.09
3/10/2020,99929.07
3/11/2020,100002.12
3/12/2020,101301.33
3/13/2020,100906.12
3/16/2020,102525.14
3/17/2020,103229.24
3/18/2020,104754.3
3/19/2020,103099.83
3/20/2020,105159.01
3/23/2020,106512.1
3/24/2020,104983.17
3/25/2020,103803.15
3/26/2020,104435.38
3/27/2020,104697.78
3/30/2020,105794.45
3/31/2020,105160.48
4/1/2020,107536.82
4/2/2020,104910.21
4/3/2020,103710.95
4/6/2020,103175.02
4/7/2020,102048.11
4/8/2020,101477.45
4/9/2020,102586.84
4/13/2020,101818.39
4/14/2020,102490.17
4/15/2020,104921.71
4/16/2020,104753.9
4/17/2020,103694.17
4/20/2020,106300.07
4/21/2020,113164.58
4/22/2020,110925.24
4/23/2020,111003.22
4/24/2020,111160.76
4/27/2020,111298.93
4/28/2020,111077.1
4/29/2020,109840.31
4/30/2020,108265.19
5/1/2020,109011.04
5/4/2020,108926.14
5/5/2020,106470.46
5/6/2020,107879.11
5/7/2020,107402.33
5/8/2020,105680.78
5/11/2020,107108.36
5/12/2020,107106.49
5/13/2020,109018.59
5/14/2020,107825.66
5/15/2020,106987.85
5/18/2020,103038.38
5/19/2020,102474.12
5/20/2020,101732.94
5/21/2020,102521.51
5/22/2020,103688.29
5/26/2020,100789.55
5/27/2020,102505.77
5/28/2020,101553.16
5/29/2020,100750.55
6/1/2020,100006.67
6/2/2020,98653.22
6/3/2020,97195.09
6/4/2020,96163.43
6/5/2020,94176.24
6/8/2020,94693.64
6/9/2020,94509.47
6/10/2020,94273.67
6/11/2020,97335.07
6/12/2020,97695.88
6/15/2020,96975.83
6/16/2020,96402.77
6/17/2020,96490.66
6/18/2020,96322.49
6/19/2020,95964.09
6/22/2020,95795.48
6/23/2020,96037.73
6/24/2020,97732.13
6/25/2020,98216.9
6/26/2020,99244.07
6/29/2020,97816.9
6/30/2020,97016.83
7/1/2020,96112.15
7/2/2020,95454.85
7/6/2020,95323.75
7/7/2020,95059.05
7/8/2020,95074.89
7/9/2020,95807.19
7/10/2020,95420.79
7/13/2020,96403.91
7/14/2020,97120.13
7/15/2020,95584.48
7/16/2020,96148.58
7/17/2020,96360.48
7/20/2020,96686.12
7/21/2020,96589.81
7/22/2020,96701.54
7/23/2020,96782.4
7/24/2020,96396.51
7/27/2020,96872.46
7/28/2020,97251.91
7/29/2020,97195.81
7/30/2020,98460.48
7/31/2020,97841.44
8/3/2020,96010.75
8/4/2020,96147.43
8/5/2020,96123.67
8/6/2020,96533.07
8/7/2020,95846.65
8/10/2020,95856.73
8/11/2020,95028.92
8/12/2020,94395.66
8/13/2020,93796.57
8/14/2020,93543.62
8/17/2020,93815.31
8/18/2020,94188.4
8/19/2020,93453.82
8/20/2020,93981.65
8/21/2020,93584.99
8/24/2020,92673.48
8/25/2020,91896.73
8/26/2020,92425.84
8/27/2020,92244.71
8/28/2020,93251.43
8/31/2020,93818.42
9/1/2020,93360.91
9/2/2020,93662.65
9/3/2020,93696.18
9/4/2020,93907.55
9/8/2020,94409.53
9/9/2020,94133.05
9/10/2020,94082.68
9/11/2020,94373.2
9/14/2020,94524.57
9/15/2020,94294.8
9/16/2020,93679.8
9/17/2020,93605.8
9/18/2020,93784.54
9/21/2020,93614.48
9/22/2020,93353.36
9/23/2020,92201.75
9/24/2020,92049.06
9/25/2020,91759.19
9/28/2020,91855.73
9/29/2020,92657.97
9/30/2020,92635.08
10/1/2020,92924.78
10/2/2020,93613.84
10/5/2020,92804.22
10/6/2020,92115.35
10/7/2020,92598.87
10/8/2020,92254.29
10/9/2020,93292.6
10/12/2020,93648.93
10/13/2020,93153.41
10/14/2020,93309.57
10/15/2020,93530.2
10/16/2020,93844.94
10/19/2020,94485.98
10/20/2020,94364.39
10/21/2020,95725.78
10/22/2020,94781.05
10/23/2020,95259.86
10/26/2020,95497.42
10/27/2020,95367.49
10/28/2020,95289.05
10/29/2020,94753.87
10/30/2020,94681.26
11/2/2020,94678.86
11/3/2020,94565.03
11/4/2020,94539.12
11/5/2020,95499.41
11/6/2020,96149.25
11/9/2020,92736.07
11/10/2020,92736.37
11/11/2020,92427.06
11/12/2020,92789.55
11/13/2020,93965.29
11/16/2020,93841.38
11/17/2020,94064.45
11/18/2020,94097.72
11/19/2020,93900.57
11/20/2020,94037.8
11/23/2020,93252.77
11/24/2020,92555.43
11/25/2020,91830.07
11/27/2020,92647.91
11/30/2020,92076.6
12/1/2020,92073.31
12/2/2020,92070.02
